amount,balance_before,balance_after,recent_transaction_count,amount_to_balance_ratio,is_night_time,is_fraud
311.55,6587.53,6275.98,0,0.0473,1,0
18487.83,60598.91,42111.08,0,0.3051,0,0
28065.96,84602.33,56536.38,0,0.3317,0,0
303.52,6253.38,5949.86,0,0.0485,1,0
21288.16,21684.23,396.08,1,0.9817,1,1
983.26,3497.87,2514.61,1,0.2811,0,0
7895.36,39575.94,31680.58,0,0.1995,0,0
3759.34,36764.14,33004.8,0,0.1023,0,0
6022.39,28682.24,22659.85,0,0.21,0,0
6157.9,33446.44,27288.54,0,0.1841,0,0
61215.27,96704.49,35489.22,5,0.633,0,1
690.68,8949.73,8259.05,2,0.0772,0,0
205.11,3674.5,3469.39,0,0.0558,0,0
122.79,8164.87,8042.08,0,0.015,0,0
42.1,17267.84,17225.74,0,0.0024,0,0
615.09,4732.18,4117.09,0,0.13,0,0
5027.61,35199.41,30171.8,0,0.1428,0,0
10965.32,36140.82,25175.5,4,0.3034,0,1
701.03,39379.8,38678.77,0,0.0178,0,0
1283.12,9789.4,8506.29,0,0.1311,0,0
333.12,12113.45,11780.34,0,0.0275,1,0
14848.93,19274.08,4425.15,2,0.7704,1,1
599.78,12751.26,12151.48,0,0.047,1,0
22909.78,108531.62,85621.84,0,0.2111,0,0
18901.51,20500.51,1599.0,4,0.922,1,1
582.8,38209.73,37626.93,0,0.0153,0,0
4995.58,37044.77,32049.19,0,0.1349,0,0
48287.0,54476.34,6189.34,3,0.8864,0,1
1878.47,33862.34,31983.87,0,0.0555,0,0
3194.22,36395.4,33201.18,0,0.0878,0,0
21699.05,23862.95,2163.9,4,0.9093,0,1
2620.31,31737.37,29117.06,0,0.0826,0,0
3840.52,13025.84,9185.32,0,0.2948,0,0
7388.77,19502.14,12113.36,0,0.3789,0,0
23200.44,197193.53,173993.09,0,0.1177,0,0
1029.7,5173.03,4143.32,0,0.1991,0,0
5541.46,21166.15,15624.69,0,0.2618,0,0
1138.45,39450.54,38312.09,0,0.0289,0,0
2350.6,76806.69,74456.09,6,0.0306,0,1
205.63,23244.33,23038.7,0,0.0088,0,0
51.06,6531.31,6480.24,0,0.0078,0,0
2855.02,28135.23,25280.21,0,0.1015,0,0
815.02,12383.86,11568.85,0,0.0658,1,0
2281.45,18270.68,15989.22,0,0.1249,0,0
34344.5,179150.61,144806.11,1,0.1917,0,0
4236.69,35458.51,31221.82,0,0.1195,0,0
15424.56,16793.7,1369.14,3,0.9185,0,1
3643.23,28214.36,24571.13,0,0.1291,0,0
1286.86,19644.61,18357.75,0,0.0655,0,0
482.22,4187.23,3705.02,1,0.1152,0,0
28282.81,232142.85,203860.04,0,0.1218,0,0
1904.3,13505.45,11601.15,0,0.141,0,0
958.1,7754.93,6796.83,0,0.1235,1,0
25254.65,264496.76,239242.11,0,0.0955,0,0
3085.65,27904.54,24818.89,0,0.1106,0,0
5101.72,27955.62,22853.9,0,0.1825,0,0
309.97,37140.1,36830.14,1,0.0083,0,0
44226.17,264085.95,219859.78,1,0.1675,0,0
759.58,25940.71,25181.13,0,0.0293,0,0
3533.37,36663.69,33130.32,0,0.0964,1,0
1310.11,8432.06,7121.95,0,0.1554,0,0
16691.61,187759.34,171067.74,0,0.0889,0,0
6296.5,9523.6,3227.11,3,0.6611,1,1
3727.53,33055.83,29328.3,0,0.1128,0,0
78.67,4337.22,4258.55,0,0.0181,0,0
35415.5,240276.89,204861.39,0,0.1474,0,0
13430.97,65035.92,51604.95,1,0.2065,0,0
5364.08,26179.5,20815.42,0,0.2049,0,0
444.69,3466.48,3021.79,0,0.1283,0,0
2195.9,13639.91,11444.01,0,0.161,0,0
44607.94,209418.84,164810.9,0,0.213,0,0
7969.34,35918.18,27948.84,0,0.2219,0,0
1301.71,16830.99,15529.28,0,0.0773,0,0
499.29,21227.37,20728.07,0,0.0235,0,0
1692.79,36806.35,35113.56,0,0.046,1,0
11149.97,183899.48,172749.51,1,0.0606,0,0
25991.25,110558.93,84567.68,0,0.2351,0,0
1088.46,29462.86,28374.4,0,0.0369,0,0
119.87,8349.8,8229.93,1,0.0144,0,0
376.01,15895.87,15519.86,0,0.0237,0,0
24595.46,290052.76,265457.31,0,0.0848,0,0
4498.17,39023.54,34525.37,0,0.1153,0,0
397.75,29780.52,29382.77,1,0.0134,0,0
10249.8,210292.88,200043.08,0,0.0487,0,0
6012.58,21182.23,15169.65,0,0.2839,0,0
19192.68,19666.4,473.72,1,0.9759,0,1
2624.24,24859.05,22234.81,0,0.1056,0,0
10142.73,227825.95,217683.22,1,0.0445,0,0
188.88,2308.51,2119.64,0,0.0818,1,0
419.05,31743.96,31324.9,1,0.0132,0,0
1552.72,15798.88,14246.17,0,0.0983,0,0
28.84,5808.03,5779.19,0,0.005,0,0
33759.25,38014.35,4255.11,4,0.8881,1,1
5518.17,24822.58,19304.41,0,0.2223,1,0
360.23,8870.64,8510.41,0,0.0406,1,0
43094.06,294156.51,251062.45,0,0.1465,0,0
3026.76,20923.1,17896.34,0,0.1447,0,0
1985.79,34670.42,32684.63,0,0.0573,0,0
2466.79,35409.06,32942.27,0,0.0697,0,0
5835.24,18230.1,12394.86,0,0.3201,0,0
1130.41,37030.13,35899.72,0,0.0305,0,0
1143.05,13785.59,12642.54,0,0.0829,1,0
11065.22,62308.83,51243.61,6,0.1776,1,1
33622.79,185468.58,151845.79,0,0.1813,0,0
2401.86,30220.17,27818.31,0,0.0795,0,0
3085.93,19256.0,16170.08,0,0.1603,0,0
942.07,38853.19,37911.12,0,0.0242,0,0
426.76,11233.46,10806.71,0,0.038,1,0
228.88,32116.51,31887.63,2,0.0071,0,0
396.57,10190.64,9794.08,0,0.0389,1,0
2355.19,14708.96,12353.76,0,0.1601,0,0
22629.92,31638.38,9008.46,3,0.7153,1,1
456.75,12635.18,12178.43,0,0.0361,1,0
3220.59,25122.66,21902.07,0,0.1282,0,0
272.69,10774.26,10501.58,0,0.0253,1,0
151.88,2416.62,2264.74,0,0.0628,0,0
4914.63,31112.41,26197.78,0,0.158,0,0
1066.17,6375.55,5309.39,0,0.1672,0,0
2882.84,29564.8,26681.97,0,0.0975,0,0
1085.07,4159.94,3074.87,0,0.2608,0,0
138.78,6586.16,6447.38,0,0.0211,0,0
30342.28,99036.53,68694.25,0,0.3064,0,0
4890.49,15555.79,10665.3,0,0.3144,0,0
33906.01,241811.85,207905.83,0,0.1402,0,0
1833.84,24341.81,22507.97,0,0.0753,0,0
55720.77,57079.24,1358.47,5,0.9762,0,1
771.28,16018.12,15246.84,0,0.0482,0,0
12337.69,168310.59,155972.9,0,0.0733,0,0
21263.97,259403.11,238139.14,0,0.082,0,0
2314.15,24654.94,22340.79,0,0.0939,0,0
1448.98,7614.45,6165.47,0,0.1903,0,0
247.59,3034.68,2787.09,0,0.0816,0,0
1202.24,35904.77,34702.53,1,0.0335,0,0
601.42,16259.17,15657.75,0,0.037,0,0
6629.6,23789.26,17159.66,0,0.2787,0,0
4767.28,11251.34,6484.06,0,0.4237,0,0
4796.21,33888.57,29092.36,1,0.1415,0,0
3042.03,27694.75,24652.72,0,0.1098,0,0
664.0,3549.46,2885.45,0,0.1871,0,0
4792.92,38894.38,34101.46,0,0.1232,0,0
7460.44,21773.16,14312.72,1,0.3426,0,0
603.74,25014.24,24410.5,0,0.0241,0,0
3611.06,32771.79,29160.73,0,0.1102,0,0
7622.86,70414.72,62791.86,5,0.1083,0,1
874.37,3081.38,2207.01,0,0.2838,0,0
532.92,38154.08,37621.16,0,0.014,0,0
9103.38,205913.08,196809.7,0,0.0442,0,0
450.14,33134.68,32684.54,0,0.0136,0,0
1469.99,12281.25,10811.26,0,0.1197,0,0
1018.31,13133.88,12115.57,0,0.0775,0,0
794.0,6263.65,5469.65,2,0.1268,0,0
27411.03,31007.95,3596.91,3,0.884,0,1
16864.5,262119.69,245255.19,0,0.0643,0,0
4156.74,18748.69,14591.95,2,0.2217,0,0
632.23,15149.0,14516.76,0,0.0417,0,0
430.6,7687.59,7257.0,0,0.056,0,0
845.53,3862.18,3016.65,0,0.2189,0,0
5709.0,16694.32,10985.32,0,0.342,0,0
1602.48,7433.68,5831.2,0,0.2156,0,0
1877.21,36961.45,35084.24,0,0.0508,0,0
3842.21,12253.83,8411.62,0,0.3136,0,0
213.72,38336.4,38122.68,1,0.0056,1,0
28896.52,269733.62,240837.09,0,0.1071,0,0
1982.85,7838.0,5855.14,0,0.253,0,0
2412.2,30785.03,28372.83,4,0.0784,0,1
853.66,27848.38,26994.72,0,0.0307,0,0
1069.6,16975.18,15905.57,0,0.063,0,0
2185.95,29524.88,27338.93,0,0.074,0,0
4555.13,35764.95,31209.82,0,0.1274,0,0
1532.64,14153.77,12621.12,0,0.1083,0,0
577.34,8765.37,8188.02,0,0.0659,0,0
225.17,13765.46,13540.29,0,0.0164,1,0
4128.04,33517.0,29388.96,0,0.1232,0,0
5738.97,21221.95,15482.98,0,0.2704,0,0
81015.7,82859.53,1843.82,4,0.9777,0,1
40938.53,168319.49,127380.96,0,0.2432,0,0
9820.87,254366.55,244545.68,0,0.0386,0,0
13575.37,20478.99,6903.61,2,0.6629,1,1
777.4,19214.56,18437.16,0,0.0405,0,0
45878.67,46605.21,726.54,2,0.9844,0,1
43391.64,193889.68,150498.04,0,0.2238,0,0
440.51,5850.98,5410.48,0,0.0753,1,0
32239.1,241088.4,208849.3,1,0.1337,0,0
22.39,6669.24,6646.85,0,0.0034,1,0
62608.74,72578.85,9970.1,1,0.8626,1,1
1340.01,15110.79,13770.77,0,0.0887,0,0
112.26,10819.18,10706.91,0,0.0104,1,0
158.05,4114.27,3956.22,0,0.0384,0,0
613.9,7968.24,7354.34,0,0.077,1,0
7219.43,23472.8,16253.37,1,0.3076,0,0
1780.92,14956.55,13175.63,0,0.1191,1,0
180.95,8101.37,7920.42,0,0.0223,1,0
281.87,12243.34,11961.48,0,0.023,0,0
66728.1,105540.31,38812.21,4,0.6323,0,1
1207.1,23868.06,22660.96,0,0.0506,0,0
1968.57,27489.07,25520.5,0,0.0716,0,0
39486.72,39731.05,244.33,4,0.9939,0,1
8194.01,76119.73,67925.72,5,0.1076,0,1
23075.3,277294.38,254219.08,0,0.0832,0,0
1676.08,37807.44,36131.36,0,0.0443,0,0
193.18,21837.84,21644.66,0,0.0088,0,0
2759.78,35090.6,32330.82,0,0.0786,0,0
11886.71,264629.38,252742.68,0,0.0449,0,0
1638.08,34194.19,32556.1,0,0.0479,0,0
74.47,4937.15,4862.68,0,0.0151,0,0
35529.01,36818.35,1289.34,3,0.965,1,1
4150.6,14202.64,10052.04,0,0.2922,1,0
9682.58,184111.65,174429.08,0,0.0526,0,0
3981.76,36620.8,32639.05,0,0.1087,0,0
1803.11,14591.38,12788.28,0,0.1236,0,0
575.36,29833.1,29257.74,0,0.0193,0,0
25453.7,279177.73,253724.04,0,0.0912,0,0
1611.44,15477.32,13865.88,0,0.1041,0,0
664.8,19291.96,18627.16,0,0.0345,0,0
15022.47,222798.29,207775.82,1,0.0674,0,0
20126.87,164545.56,144418.69,0,0.1223,0,0
212.43,2434.44,2222.01,2,0.0873,0,0
5300.74,16831.28,11530.54,0,0.3149,0,0
513.07,15004.6,14491.53,0,0.0342,0,0
1774.33,21879.93,20105.6,0,0.0811,0,0
3014.01,17463.28,14449.27,3,0.1726,1,1
45.05,21048.47,21003.43,0,0.0021,0,0
9345.73,9705.03,359.31,3,0.963,1,1
6950.58,35021.98,28071.4,0,0.1985,0,0
6979.49,93745.39,86765.9,0,0.0745,0,0
38868.03,158065.19,119197.16,0,0.2459,0,0
655.3,16735.04,16079.75,1,0.0392,0,0
700.63,16655.03,15954.4,0,0.0421,0,0
826.05,23011.75,22185.69,0,0.0359,0,0
26689.49,235872.37,209182.88,0,0.1132,0,0
65.2,11693.31,11628.11,0,0.0056,0,0
922.64,4863.49,3940.85,0,0.1897,0,0
1063.61,14369.68,13306.07,0,0.074,0,0
958.77,32253.72,31294.95,0,0.0297,0,0
1933.98,28396.36,26462.37,0,0.0681,0,0
153.04,1307.18,1154.14,0,0.1171,1,0
2748.54,28326.45,25577.91,0,0.097,0,0
1568.37,6219.76,4651.39,0,0.2522,0,0
271.77,6402.38,6130.61,0,0.0424,0,0
11541.49,41163.13,29621.64,6,0.2804,1,1
251.78,21508.97,21257.2,0,0.0117,0,0
276.92,2729.31,2452.38,0,0.1015,0,0
894.88,27606.88,26712.0,0,0.0324,0,0
2012.39,8141.89,6129.5,0,0.2472,0,0
6326.03,71545.97,65219.93,7,0.0884,0,1
4948.99,35287.52,30338.53,1,0.1402,0,0
21777.92,274213.97,252436.05,0,0.0794,0,0
936.78,8464.06,7527.28,1,0.1107,0,0
64.89,9301.43,9236.53,0,0.007,0,0
102.56,35211.92,35109.36,1,0.0029,0,0
121.88,7703.66,7581.78,0,0.0158,1,0
55182.1,59832.52,4650.41,1,0.9223,1,1
19073.08,199521.41,180448.34,0,0.0956,0,0
40463.82,202899.55,162435.73,0,0.1994,0,0
3687.64,27433.99,23746.35,0,0.1344,0,0
50252.99,75868.51,25615.51,4,0.6624,1,1
8725.88,109401.89,100676.01,0,0.0798,0,0
7195.51,25338.98,18143.47,0,0.284,0,0
2140.45,42759.24,40618.79,5,0.0501,0,1
4785.47,38178.37,33392.9,1,0.1253,0,0
22734.72,69740.57,47005.85,0,0.326,0,0
24544.2,240160.56,215616.37,0,0.1022,0,0
587.74,8384.76,7797.03,0,0.0701,0,0
1608.81,39493.18,37884.36,0,0.0407,0,0
22.14,10877.09,10854.96,2,0.002,0,0
531.35,34452.59,33921.24,0,0.0154,0,0
56279.38,118602.34,62322.96,4,0.4745,0,1
3358.11,15280.35,11922.24,1,0.2198,0,0
3971.16,20455.08,16483.92,0,0.1941,0,0
6790.4,49718.28,42927.89,5,0.1366,0,1
297.43,2460.59,2163.16,0,0.1209,1,0
56.71,4129.11,4072.39,0,0.0137,0,0
23343.39,25732.95,2389.56,1,0.9071,1,1
3049.53,8421.29,5371.76,0,0.3621,1,0
38985.9,286743.78,247757.88,0,0.136,0,0
26071.86,78785.88,52714.02,0,0.3309,0,0
4988.07,45100.62,40112.54,3,0.1106,0,1
529.32,3480.4,2951.07,0,0.1521,0,0
88261.09,103362.76,15101.67,1,0.8539,1,1
41430.81,130132.38,88701.57,0,0.3184,0,0
4606.01,32170.77,27564.76,0,0.1432,0,0
1260.05,17142.19,15882.14,0,0.0735,1,0
6891.12,27835.17,20944.04,0,0.2476,0,0
302.59,3460.01,3157.43,0,0.0875,1,0
5664.69,21774.14,16109.45,0,0.2602,0,0
182.64,14350.86,14168.22,0,0.0127,1,0
957.98,4416.85,3458.88,2,0.2169,0,0
9624.37,74747.5,65123.13,0,0.1288,0,0
48615.39,49735.0,1119.61,3,0.9775,0,1
1137.09,29256.32,28119.23,0,0.0389,0,0
5757.99,15741.57,9983.58,0,0.3658,0,0
10819.65,291309.77,280490.12,1,0.0371,0,0
21785.1,282351.31,260566.22,0,0.0772,0,0
7128.29,24711.93,17583.63,0,0.2885,0,0
37985.26,264108.55,226123.29,0,0.1438,0,0
1909.42,60821.0,58911.58,6,0.0314,0,1
3126.5,24238.45,21111.95,0,0.129,0,0
3347.89,20125.37,16777.48,1,0.1664,0,0
343.64,3536.5,3192.86,0,0.0972,0,0
843.73,4396.86,3553.13,0,0.1919,0,0
4501.59,27727.44,23225.85,0,0.1624,0,0
9669.92,185588.7,175918.78,0,0.0521,0,0
34411.05,36888.66,2477.61,4,0.9328,1,1
6515.79,27240.34,20724.54,0,0.2392,0,0
8905.74,54826.62,45920.88,4,0.1624,0,1
1268.49,28110.66,26842.17,0,0.0451,0,0
43568.84,47531.47,3962.63,2,0.9166,1,1
254.34,9641.17,9386.83,0,0.0264,1,0
11000.17,11081.16,80.99,3,0.9927,0,1
2537.46,37908.0,35370.54,0,0.0669,0,0
1428.96,9342.97,7914.0,0,0.1529,0,0
6587.35,27425.04,20837.69,0,0.2402,0,0
8408.02,229178.67,220770.65,0,0.0367,0,0
362.94,13383.5,13020.56,0,0.0271,0,0
64467.56,73129.25,8661.7,4,0.8816,1,1
541.97,26613.36,26071.39,0,0.0204,0,0
23863.05,202953.3,179090.25,0,0.1176,0,0
798.43,39462.62,38664.19,0,0.0202,0,0
2995.49,38945.87,35950.38,1,0.0769,0,0
425.95,33315.59,32889.64,0,0.0128,0,0
6876.71,36013.24,29136.53,0,0.1909,1,0
54803.03,57049.25,2246.22,5,0.9606,1,1
3000.54,38119.14,35118.59,0,0.0787,0,0
3748.55,26158.74,22410.19,0,0.1433,0,0
4149.98,12096.42,7946.44,0,0.3431,0,0
60.17,3020.93,2960.76,0,0.0199,0,0
7646.61,152957.4,145310.8,0,0.05,0,0
1079.11,6046.31,4967.2,0,0.1785,0,0
409.34,6032.31,5622.97,0,0.0679,0,0
6201.03,39068.41,32867.38,0,0.1587,0,0
778.58,3656.93,2878.35,0,0.2129,0,0
4969.53,27806.85,22837.33,1,0.1787,0,0
60454.47,117806.02,57351.54,1,0.5132,0,1
260.49,3502.87,3242.37,0,0.0744,1,0
11501.94,15903.07,4401.13,4,0.7233,0,1
4038.82,21220.75,17181.93,0,0.1903,0,0
28.19,9774.56,9746.37,0,0.0029,0,0
178.17,3008.22,2830.06,0,0.0592,0,0
450.69,14315.92,13865.23,0,0.0315,1,0
357.17,16778.12,16420.95,0,0.0213,0,0
3888.04,13392.42,9504.38,0,0.2903,0,0
347.14,27833.09,27485.95,0,0.0125,0,0
1719.26,17332.28,15613.01,0,0.0992,0,0
1727.24,20321.02,18593.78,0,0.085,0,0
1942.86,11952.58,10009.71,0,0.1625,1,0
5339.34,33806.3,28466.96,0,0.1579,0,0
333.06,10845.63,10512.56,0,0.0307,0,0
853.5,39734.31,38880.8,0,0.0215,1,0
242.11,8200.57,7958.46,0,0.0295,1,0
12526.05,115189.11,102663.06,0,0.1087,0,0
4560.79,33263.63,28702.84,0,0.1371,0,0
14756.52,64327.68,49571.17,0,0.2294,0,0
2786.11,19414.09,16627.97,0,0.1435,0,0
2442.76,21808.12,19365.36,0,0.112,0,0
32.44,2229.62,2197.18,0,0.0146,1,0
152.88,13557.48,13404.61,0,0.0113,1,0
2694.71,2759.38,64.67,2,0.9766,1,1
2221.19,11249.67,9028.48,1,0.1974,0,0
4496.8,29103.3,24606.5,0,0.1545,0,0
10133.8,24247.43,14113.63,4,0.4179,0,1
61.03,2610.24,2549.21,0,0.0234,0,0
6109.83,30149.63,24039.8,0,0.2027,0,0
4328.63,37955.1,33626.47,0,0.114,0,0
410.44,15650.78,15240.34,0,0.0262,1,0
1825.58,14574.76,12749.18,0,0.1253,0,0
54123.57,61063.4,6939.83,2,0.8864,0,1
743.24,5657.28,4914.03,0,0.1314,0,0
1502.37,13907.97,12405.61,1,0.108,0,0
14176.75,214397.84,200221.09,0,0.0661,0,0
1053.94,17734.58,16680.64,1,0.0594,0,0
986.05,21612.73,20626.68,0,0.0456,0,0
8611.87,10712.17,2100.3,7,0.8039,1,1
29648.07,266872.02,237223.95,1,0.1111,0,0
4470.5,36291.7,31821.2,0,0.1232,1,0
3870.2,30946.0,27075.8,0,0.1251,1,0
127.75,5148.23,5020.48,0,0.0248,1,0
1666.29,7760.61,6094.32,0,0.2147,0,0
183.33,39842.54,39659.22,1,0.0046,0,0
1751.42,39728.63,37977.21,0,0.0441,0,0
41079.52,236944.72,195865.2,0,0.1734,0,0
671.95,38701.33,38029.37,1,0.0174,0,0
5973.79,83419.0,77445.21,0,0.0716,0,0
53476.67,56636.58,3159.9,5,0.9442,0,1
59986.67,82706.17,22719.5,2,0.7253,0,1
1488.8,7956.9,6468.09,0,0.1871,0,0
57617.24,68330.17,10712.94,1,0.8432,1,1
26991.87,111718.43,84726.56,0,0.2416,0,0
5836.12,32987.53,27151.41,0,0.1769,0,0
288.77,31501.96,31213.2,1,0.0092,0,0
134.49,29253.81,29119.32,0,0.0046,0,0
7332.06,34734.41,27402.35,6,0.2111,1,1
1950.39,21670.63,19720.24,0,0.09,0,0
9342.85,12936.3,3593.45,7,0.7222,0,1
21042.59,113166.52,92123.92,0,0.1859,0,0
3482.19,3825.82,343.62,3,0.9102,1,1
6210.01,34699.44,28489.42,0,0.179,0,0
486.75,19909.2,19422.45,0,0.0244,0,0
11517.38,218086.47,206569.09,0,0.0528,0,0
7577.05,21221.66,13644.62,0,0.357,0,0
18233.36,20910.14,2676.79,3,0.872,1,1
28261.67,31607.82,3346.15,3,0.8941,0,1
7698.79,28358.12,20659.33,0,0.2715,0,0
68761.83,108015.63,39253.8,4,0.6366,0,1
5452.61,31788.84,26336.23,0,0.1715,0,0
30.58,10838.96,10808.38,0,0.0028,1,0
18315.91,64829.21,46513.3,0,0.2825,0,0
13006.36,123279.27,110272.91,1,0.1055,0,0
4666.77,30329.12,25662.35,0,0.1539,0,0
14267.24,184050.18,169782.94,0,0.0775,0,0
985.41,9664.6,8679.19,0,0.102,1,0
6572.22,38878.11,32305.89,0,0.169,0,0
7943.82,35863.44,27919.61,0,0.2215,0,0
2355.75,19990.64,17634.89,0,0.1178,1,0
228.43,5459.51,5231.08,0,0.0418,0,0
3400.75,36116.24,32715.49,0,0.0942,0,0
202.57,15989.08,15786.5,1,0.0127,0,0
629.53,3180.16,2550.64,0,0.198,0,0
1135.04,26780.21,25645.17,0,0.0424,0,0
120.57,35591.72,35471.15,0,0.0034,0,0
8585.31,141342.53,132757.22,1,0.0607,0,0
9667.39,41328.9,31661.51,4,0.2339,1,1
28052.64,125269.71,97217.06,0,0.2239,0,0
4718.88,27149.71,22430.83,0,0.1738,0,0
31297.77,172283.8,140986.03,0,0.1817,0,0
2493.84,16611.43,14117.59,1,0.1501,0,0
5356.94,26310.41,20953.47,0,0.2036,0,0
414.55,17962.38,17547.83,0,0.0231,0,0
677.48,37599.25,36921.78,0,0.018,0,0
159.33,3556.56,3397.23,0,0.0448,1,0
456.98,11261.99,10805.01,0,0.0406,0,0
3006.35,22418.72,19412.37,0,0.1341,0,0
826.89,34596.44,33769.54,0,0.0239,0,0
876.54,18797.05,17920.51,0,0.0466,0,0
25997.36,158363.44,132366.08,0,0.1642,0,0
33994.83,225528.37,191533.53,0,0.1507,0,0
3141.14,15640.88,12499.74,0,0.2008,0,0
1805.98,29715.1,27909.12,0,0.0608,0,0
1987.6,6700.29,4712.69,0,0.2966,0,0
1665.13,6977.0,5311.87,0,0.2387,0,0
1178.79,4746.88,3568.09,0,0.2483,0,0
32744.72,139725.85,106981.13,0,0.2343,0,0
1323.9,26358.23,25034.33,0,0.0502,0,0
7657.72,38756.31,31098.58,0,0.1976,0,0
147.37,9145.85,8998.48,0,0.0161,0,0
4809.37,21252.67,16443.3,0,0.2263,1,0
2589.42,52867.94,50278.53,5,0.049,1,1
5864.59,27219.5,21354.92,0,0.2155,0,0
760.71,15392.44,14631.74,1,0.0494,0,0
5701.72,26636.78,20935.06,0,0.2141,0,0
2574.42,22323.09,19748.67,0,0.1153,0,0
173.56,9922.48,9748.92,0,0.0175,0,0
9731.25,72904.5,63173.26,4,0.1335,1,1
1205.02,3988.65,2783.63,0,0.3021,0,0
103.56,3983.94,3880.38,0,0.026,1,0
5042.69,34617.53,29574.84,0,0.1457,0,0
4877.6,5011.32,133.72,3,0.9733,0,1
1724.97,26617.06,24892.1,0,0.0648,0,0
25328.91,133378.85,108049.94,0,0.1899,0,0
5300.28,25300.47,20000.19,0,0.2095,0,0
2322.64,31391.98,29069.34,0,0.074,0,0
3344.23,16431.86,13087.63,0,0.2035,0,0
2521.93,12500.13,9978.2,0,0.2018,0,0
16153.46,128751.56,112598.09,0,0.1255,0,0
420.29,30028.13,29607.83,0,0.014,0,0
78.17,34805.63,34727.46,0,0.0022,0,0
3046.7,38577.64,35530.94,0,0.079,0,0
1724.59,5355.88,3631.29,0,0.322,0,0
1137.64,15222.81,14085.17,0,0.0747,0,0
4071.79,11660.28,7588.49,0,0.3492,0,0
356.28,13606.4,13250.13,0,0.0262,0,0
1756.13,19513.07,17756.94,0,0.09,0,0
14950.17,19238.75,4288.58,4,0.7771,1,1
6014.11,32961.21,26947.1,0,0.1825,0,0
1415.73,22607.4,21191.67,0,0.0626,0,0
9508.24,74061.81,64553.58,1,0.1284,0,0
496.88,27149.51,26652.63,1,0.0183,0,0
33330.57,104057.06,70726.5,0,0.3203,0,0
21466.03,191077.1,169611.07,0,0.1123,0,0
1288.75,12003.35,10714.61,1,0.1074,0,0
1396.93,28783.32,27386.39,0,0.0485,0,0
19405.68,182920.79,163515.1,0,0.1061,0,0
28812.43,143873.88,115061.45,0,0.2003,0,0
11459.45,60761.51,49302.06,3,0.1886,0,1
5480.53,5769.62,289.09,2,0.9499,1,1
345.27,13986.89,13641.62,1,0.0247,0,0
23967.57,154112.02,130144.45,0,0.1555,0,0
2799.3,26906.57,24107.26,0,0.104,0,0
10084.1,225427.04,215342.93,0,0.0447,0,0
7389.97,30798.16,23408.19,0,0.2399,0,0
1566.67,6403.02,4836.36,0,0.2447,0,0
3965.74,77667.44,73701.71,4,0.0511,0,1
5209.18,193014.36,187805.18,0,0.027,0,0
9124.42,20801.83,11677.41,3,0.4386,1,1
7991.25,24952.19,16960.94,0,0.3203,0,0
4350.62,17863.33,13512.71,0,0.2436,0,0
13647.54,286073.86,272426.32,0,0.0477,0,0
4458.75,25906.64,21447.89,0,0.1721,0,0
251.15,11784.21,11533.06,0,0.0213,1,0
1556.91,36444.62,34887.72,0,0.0427,0,0
5442.21,29347.23,23905.02,0,0.1854,0,0
1801.97,25372.79,23570.82,1,0.071,0,0
27370.4,29477.6,2107.19,1,0.9285,1,1
1882.16,14710.75,12828.59,0,0.1279,0,0
151.39,11867.67,11716.28,1,0.0128,0,0
67306.67,93372.23,26065.57,4,0.7208,1,1
14199.75,131348.93,117149.18,0,0.1081,0,0
444.86,3503.19,3058.32,0,0.127,0,0
4258.82,20582.66,16323.84,1,0.2069,0,0
2470.62,23491.18,21020.56,1,0.1052,0,0
1800.91,24993.4,23192.49,0,0.0721,0,0
272.59,34679.97,34407.38,0,0.0079,0,0
915.1,3143.95,2228.85,1,0.2911,0,0
163.5,1983.02,1819.52,0,0.0825,1,0
1246.05,32038.71,30792.65,1,0.0389,0,0
8201.18,79129.14,70927.96,0,0.1036,0,0
1223.1,35520.4,34297.29,0,0.0344,0,0
54669.27,59961.06,5291.79,4,0.9117,0,1
1192.76,17847.52,16654.76,0,0.0668,0,0
36533.1,272597.83,236064.73,0,0.134,0,0
742.41,12031.76,11289.35,0,0.0617,0,0
680.82,7181.44,6500.62,0,0.0948,0,0
992.92,13673.92,12681.0,0,0.0726,0,0
30001.95,122107.2,92105.25,0,0.2457,0,0
7720.78,27799.93,20079.15,0,0.2777,0,0
6523.37,29460.69,22937.32,1,0.2214,0,0
2236.56,32789.85,30553.28,0,0.0682,0,0
3958.02,19439.74,15481.72,0,0.2036,0,0
2612.45,36120.93,33508.48,1,0.0723,1,0
5733.34,34016.03,28282.69,0,0.1685,1,0
62597.76,77910.91,15313.15,4,0.8035,0,1
8483.71,155283.61,146799.9,0,0.0546,0,0
952.81,14960.52,14007.71,1,0.0637,0,0
6617.13,30841.12,24223.99,0,0.2146,0,0
191.38,13808.1,13616.72,0,0.0139,1,0
1274.05,15825.64,14551.59,1,0.0805,0,0
215.72,13938.16,13722.44,0,0.0155,0,0
737.14,20960.78,20223.65,0,0.0352,0,0
1284.34,11588.26,10303.92,1,0.1108,0,0
767.7,15317.87,14550.17,0,0.0501,0,0
561.31,11058.66,10497.35,0,0.0508,1,0
31148.24,162409.18,131260.93,0,0.1918,0,0
1191.62,33645.6,32453.99,0,0.0354,0,0
11780.81,158279.11,146498.3,0,0.0744,0,0
813.32,20681.4,19868.08,0,0.0393,0,0
203.88,10113.7,9909.83,0,0.0202,0,0
818.56,13859.49,13040.93,0,0.0591,0,0
47073.72,47613.92,540.2,3,0.9887,1,1
6996.91,30899.08,23902.16,0,0.2264,0,0
2946.6,31482.87,28536.27,0,0.0936,0,0
3088.26,9066.6,5978.35,0,0.3406,0,0
1825.28,10359.25,8533.97,0,0.1762,0,0
13362.37,138763.08,125400.7,0,0.0963,0,0
5776.1,37008.44,31232.34,0,0.1561,0,0
254.77,4030.12,3775.35,0,0.0632,1,0
27885.51,184117.43,156231.92,0,0.1515,0,0
4588.37,20127.9,15539.53,0,0.228,0,0
16544.15,71798.05,55253.89,0,0.2304,0,0
19901.88,122562.51,102660.63,0,0.1624,0,0
290.66,10699.81,10409.15,0,0.0272,0,0
5785.13,35743.44,29958.31,0,0.1619,0,0
29443.81,38636.9,9193.09,3,0.7621,1,1
128.23,7063.75,6935.51,0,0.0182,0,0
1061.67,32883.85,31822.18,0,0.0323,1,0
10510.2,11427.12,916.92,4,0.9198,0,1
2064.68,60525.35,58460.67,5,0.0341,0,1
273.21,27815.63,27542.42,0,0.0098,0,0
20727.72,25141.84,4414.11,2,0.8244,1,1
2914.73,19724.99,16810.26,1,0.1478,0,0
315.09,6742.32,6427.23,0,0.0467,0,0
2366.66,34911.86,32545.2,0,0.0678,0,0
5611.02,36529.14,30918.12,0,0.1536,0,0
282.77,4770.27,4487.5,0,0.0593,0,0
2256.33,22603.43,20347.11,0,0.0998,0,0
58098.21,76820.82,18722.6,5,0.7563,0,1
15385.68,106048.16,90662.48,0,0.1451,0,0
14385.68,282522.68,268136.99,0,0.0509,0,0
94.72,2700.5,2605.78,0,0.0351,0,0
914.65,32268.85,31354.2,2,0.0283,0,0
395.08,9337.71,8942.63,0,0.0423,1,0
5857.94,31634.02,25776.07,0,0.1852,0,0
1630.05,32374.36,30744.3,0,0.0504,0,0
293.24,14437.16,14143.91,1,0.0203,0,0
36.85,3677.93,3641.08,0,0.01,0,0
3621.48,22413.91,18792.43,0,0.1616,0,0
204.12,2371.29,2167.17,0,0.0861,0,0
10864.05,19125.49,8261.43,7,0.568,1,1
293.32,15105.79,14812.47,0,0.0194,0,0
166.55,12294.55,12128.0,0,0.0135,0,0
854.81,3597.7,2742.9,0,0.2376,0,0
4230.85,33569.62,29338.77,0,0.126,0,0
3086.76,18142.18,15055.42,0,0.1701,0,0
678.71,24930.33,24251.63,0,0.0272,0,0
557.58,38250.68,37693.1,1,0.0146,1,0
2529.8,32227.14,29697.34,0,0.0785,0,0
14721.59,72233.77,57512.18,0,0.2038,0,0
9454.1,48185.18,38731.08,6,0.1962,1,1
10244.97,31151.49,20906.52,3,0.3289,1,1
16604.5,22866.23,6261.73,2,0.7262,1,1
272.29,10045.24,9772.95,2,0.0271,0,0
2146.11,35783.37,33637.26,1,0.06,0,0
120.11,29220.29,29100.18,0,0.0041,1,0
33109.46,118855.19,85745.73,0,0.2786,0,0
5657.39,5943.72,286.34,2,0.9518,1,1
624.12,3601.72,2977.6,0,0.1733,0,0
401.23,8392.99,7991.76,0,0.0478,0,0
2878.7,25022.41,22143.71,0,0.115,0,0
4487.9,31052.96,26565.05,0,0.1445,0,0
834.07,25846.39,25012.31,0,0.0323,0,0
187.69,3066.89,2879.21,0,0.0612,1,0
25.13,5231.49,5206.37,0,0.0048,1,0
38583.4,112611.36,74027.95,0,0.3426,0,0
1629.19,18340.45,16711.26,0,0.0888,0,0
6562.18,134312.0,127749.81,0,0.0489,0,0
625.07,32946.7,32321.63,0,0.019,0,0
58.59,15952.6,15894.02,0,0.0037,0,0
5100.13,28079.44,22979.31,0,0.1816,0,0
35222.83,267376.92,232154.09,0,0.1317,0,0
2382.57,38216.77,35834.2,0,0.0623,0,0
35399.89,249348.22,213948.33,0,0.142,0,0
214.15,7775.25,7561.1,0,0.0275,0,0
2606.35,11085.62,8479.27,1,0.2351,0,0
325.24,9643.19,9317.95,0,0.0337,0,0
2647.83,32832.96,30185.13,0,0.0806,0,0
1580.23,36558.86,34978.63,0,0.0432,0,0
11039.68,12139.74,1100.06,2,0.9094,1,1
11707.74,61583.59,49875.85,6,0.1901,0,1
3606.64,21004.28,17397.64,0,0.1717,0,0
580.67,4749.24,4168.57,0,0.1223,0,0
34.94,15966.31,15931.37,0,0.0022,1,0
61629.48,75661.01,14031.53,2,0.8145,1,1
135.83,10038.09,9902.26,0,0.0135,0,0
1272.68,7796.48,6523.81,0,0.1632,0,0
5940.13,21564.42,15624.29,0,0.2755,0,0
9419.67,64922.62,55502.95,0,0.1451,0,0
2837.07,33914.73,31077.66,0,0.0837,0,0
583.2,15196.53,14613.33,0,0.0384,0,0
7085.08,58374.02,51288.94,6,0.1214,1,1
1873.64,33421.4,31547.76,0,0.0561,0,0
37136.94,264144.13,227007.19,0,0.1406,0,0
5142.17,73345.33,68203.15,0,0.0701,0,0
7153.37,26727.53,19574.15,1,0.2676,0,0
424.26,2442.51,2018.25,0,0.1737,0,0
145.35,12300.24,12154.89,0,0.0118,1,0
7888.43,26094.09,18205.66,0,0.3023,0,0
765.72,24859.04,24093.32,0,0.0308,0,0
522.43,12992.32,12469.89,0,0.0402,0,0
365.7,5144.0,4778.3,0,0.0711,0,0
283.18,15479.55,15196.37,1,0.0183,0,0
3651.57,15088.27,11436.69,1,0.242,1,0
594.27,8101.05,7506.78,0,0.0734,0,0
291.08,12420.09,12129.01,0,0.0234,0,0
5565.71,20384.14,14818.43,0,0.273,0,0
26098.26,190172.77,164074.52,0,0.1372,0,0
47995.74,54392.44,6396.7,1,0.8824,1,1
2217.12,10810.67,8593.55,0,0.2051,0,0
712.02,30744.13,30032.11,0,0.0232,0,0
5788.94,27412.62,21623.68,0,0.2112,0,0
18039.95,86090.26,68050.31,0,0.2095,0,0
5577.52,19787.88,14210.36,0,0.2819,0,0
6717.38,33044.8,26327.42,1,0.2033,0,0
26916.58,202828.11,175911.53,1,0.1327,0,0
440.46,5230.4,4789.94,0,0.0842,1,0
3265.76,21483.16,18217.4,0,0.152,0,0
6047.17,36678.2,30631.03,0,0.1649,0,0
4815.02,28145.41,23330.39,1,0.1711,0,0
889.87,31878.57,30988.7,0,0.0279,0,0
618.53,15396.06,14777.53,0,0.0402,0,0
27700.09,89907.41,62207.32,0,0.3081,0,0
841.84,29870.78,29028.93,1,0.0282,0,0
93.77,3734.65,3640.88,2,0.0251,0,0
1993.35,17116.15,15122.8,0,0.1165,0,0
31478.79,158142.54,126663.74,0,0.1991,0,0
4743.07,27060.62,22317.55,0,0.1753,0,0
11415.76,272008.39,260592.64,0,0.042,0,0
4293.52,4429.82,136.29,2,0.9692,0,1
170.38,7808.65,7638.26,0,0.0218,0,0
1807.54,6908.06,5100.52,0,0.2617,0,0
4785.63,28630.49,23844.86,0,0.1672,0,0
4060.09,21633.24,17573.15,1,0.1877,0,0
311.05,11483.75,11172.7,0,0.0271,1,0
496.75,12088.27,11591.52,0,0.0411,1,0
6091.89,27322.65,21230.76,1,0.223,0,0
20430.27,100348.34,79918.07,0,0.2036,0,0
289.57,11159.13,10869.56,0,0.0259,0,0
247.85,12285.64,12037.78,0,0.0202,0,0
2168.29,33989.49,31821.2,0,0.0638,0,0
273.16,9958.28,9685.12,1,0.0274,0,0
39816.43,175264.06,135447.63,0,0.2272,0,0
13776.63,186533.94,172757.31,0,0.0739,0,0
7326.69,20443.11,13116.41,0,0.3584,0,0
32059.35,137839.05,105779.7,0,0.2326,0,0
41310.4,206328.44,165018.04,0,0.2002,0,0
301.05,35315.01,35013.95,0,0.0085,0,0
597.09,38568.85,37971.75,0,0.0155,0,0
72556.1,102301.15,29745.04,4,0.7092,0,1
200.54,22916.35,22715.81,0,0.0088,0,0
896.77,35900.26,35003.49,0,0.025,1,0
94.17,2580.06,2485.89,0,0.0365,0,0
7524.21,134479.2,126954.99,0,0.056,0,0
541.65,32367.49,31825.84,2,0.0167,0,0
3090.03,35186.97,32096.94,0,0.0878,1,0
38.54,7513.89,7475.35,0,0.0051,1,0
813.04,27822.97,27009.93,0,0.0292,0,0
1345.13,58436.43,57091.3,5,0.023,0,1
11555.0,95980.18,84425.18,0,0.1204,0,0
552.15,22726.41,22174.27,0,0.0243,0,0
178.96,10791.25,10612.29,0,0.0166,0,0
5715.01,37991.81,32276.8,0,0.1504,0,0
6075.41,53524.71,47449.3,6,0.1135,1,1
3995.06,27805.89,23810.83,0,0.1437,0,0
1157.39,10710.09,9552.7,5,0.1081,0,1
81.78,26955.72,26873.94,0,0.003,0,0
715.56,29723.7,29008.14,0,0.0241,0,0
27765.66,262662.32,234896.66,0,0.1057,0,0
3937.36,18514.65,14577.29,1,0.2127,0,0
2867.89,10039.77,7171.87,0,0.2857,0,0
715.46,5600.08,4884.62,0,0.1278,0,0
4830.48,32805.3,27974.82,0,0.1472,0,0
12347.65,13131.01,783.36,2,0.9403,0,1
1384.8,14004.78,12619.98,0,0.0989,0,0
1600.25,7108.38,5508.13,1,0.2251,0,0
3300.75,18130.86,14830.12,0,0.1821,0,0
1422.8,36483.6,35060.8,1,0.039,0,0
563.04,4795.32,4232.28,0,0.1174,0,0
3993.09,32008.54,28015.45,0,0.1248,0,0
320.86,7603.21,7282.35,0,0.0422,0,0
392.06,13896.58,13504.52,0,0.0282,0,0
49.37,16743.5,16694.12,0,0.0029,0,0
123.89,4147.6,4023.7,0,0.0299,0,0
3142.79,32497.73,29354.94,0,0.0967,0,0
805.92,23247.19,22441.27,0,0.0347,0,0
664.29,37120.3,36456.01,0,0.0179,0,0
2860.39,21091.28,18230.89,0,0.1356,0,0
441.17,12881.51,12440.34,0,0.0342,1,0
3268.35,37141.21,33872.86,0,0.088,0,0
42881.43,281499.78,238618.35,0,0.1523,0,0
67.68,6118.24,6050.56,0,0.0111,1,0
605.49,26095.42,25489.94,0,0.0232,0,0
22886.28,285700.03,262813.75,0,0.0801,0,0
239.0,7733.37,7494.37,2,0.0309,0,0
2321.02,13073.29,10752.26,0,0.1775,0,0
30.67,11638.41,11607.75,0,0.0026,0,0
491.79,5000.83,4509.04,0,0.0983,0,0
5864.44,38148.06,32283.62,0,0.1537,0,0
1023.4,13261.23,12237.83,0,0.0772,0,0
14711.06,95261.26,80550.2,0,0.1544,0,0
1974.2,20304.81,18330.61,0,0.0972,1,0
68.25,2017.32,1949.06,0,0.0338,1,0
24901.42,126211.17,101309.75,0,0.1973,0,0
7222.44,19555.27,12332.84,0,0.3693,0,0
1285.04,19682.89,18397.85,0,0.0653,0,0
19702.29,21598.66,1896.37,3,0.9122,1,1
1462.28,37834.79,36372.5,0,0.0386,0,0
3457.14,15468.15,12011.01,1,0.2235,0,0
1080.75,10508.09,9427.35,0,0.1028,0,0
42860.34,142210.12,99349.78,0,0.3014,0,0
484.71,4926.19,4441.48,0,0.0984,0,0
388.71,4228.94,3840.23,0,0.0919,1,0
4768.95,6899.44,2130.49,3,0.6912,1,1
4737.4,19606.5,14869.1,0,0.2416,1,0
2203.62,22060.57,19856.96,0,0.0999,0,0
1992.34,38735.9,36743.56,0,0.0514,0,0
5999.97,26713.89,20713.92,0,0.2246,0,0
3450.25,28952.34,25502.09,0,0.1192,0,0
1307.61,9674.38,8366.78,0,0.1352,0,0
2473.15,37962.39,35489.24,0,0.0651,1,0
711.34,18259.04,17547.7,0,0.039,0,0
9961.77,123744.01,113782.24,0,0.0805,0,0
421.68,8731.75,8310.07,2,0.0483,0,0
5297.97,21151.31,15853.35,1,0.2505,0,0
25506.71,197291.67,171784.97,0,0.1293,0,0
84562.2,93275.46,8713.26,2,0.9066,1,1
4225.61,12535.82,8310.21,0,0.3371,0,0
28654.38,32635.08,3980.71,4,0.878,1,1
1315.27,15530.56,14215.28,0,0.0847,0,0
17203.43,17994.13,790.7,3,0.9561,1,1
88.52,11125.53,11037.02,0,0.008,0,0
2641.73,24458.0,21816.27,2,0.108,0,0
47300.37,53222.07,5921.7,1,0.8887,0,1
54.48,2998.99,2944.51,0,0.0182,1,0
3116.11,32035.78,28919.67,0,0.0973,0,0
25603.54,103112.12,77508.58,0,0.2483,0,0
2608.82,14522.16,11913.34,0,0.1796,0,0
2765.83,21342.18,18576.35,0,0.1296,0,0
3937.53,21783.65,17846.12,0,0.1808,0,0
111.63,25159.54,25047.91,2,0.0044,0,0
1005.04,3913.79,2908.75,1,0.2568,1,0
4427.98,17417.73,12989.74,2,0.2542,0,0
625.63,27849.2,27223.57,0,0.0225,0,0
4613.68,14027.08,9413.4,0,0.3289,0,0
715.78,28607.1,27891.32,1,0.025,0,0
16.82,3983.03,3966.21,0,0.0042,0,0
50861.33,65048.91,14187.58,4,0.7819,0,1
8519.77,93276.61,84756.84,0,0.0913,0,0
127.4,23933.6,23806.19,0,0.0053,0,0
10949.39,14512.42,3563.04,3,0.7545,1,1
1670.48,32345.12,30674.64,1,0.0516,0,0
42080.48,203444.89,161364.4,0,0.2068,0,0
25559.58,143581.31,118021.73,0,0.178,0,0
6520.36,37429.37,30909.01,0,0.1742,0,0
31187.79,117033.01,85845.22,0,0.2665,0,0
637.93,5971.29,5333.36,0,0.1068,0,0
14302.62,107812.72,93510.11,0,0.1327,0,0
1295.13,6985.03,5689.91,0,0.1854,0,0
6118.66,16822.51,10703.86,0,0.3637,0,0
295.35,34891.37,34596.02,2,0.0085,0,0
16693.18,207802.53,191109.35,0,0.0803,0,0
887.25,4134.69,3247.45,0,0.2146,0,0
14669.99,93615.49,78945.5,0,0.1567,0,0
2077.52,28556.65,26479.14,0,0.0728,0,0
27109.9,273625.31,246515.42,1,0.0991,0,0
34965.62,36104.02,1138.4,3,0.9685,1,1
11291.49,70139.62,58848.12,4,0.161,1,1
1053.35,21822.25,20768.9,1,0.0483,0,0
39561.71,43074.23,3512.52,2,0.9185,0,1
20625.57,21448.25,822.68,1,0.9616,0,1
106.97,4220.38,4113.41,1,0.0253,0,0
2871.35,8400.74,5529.39,1,0.3418,0,0
1702.89,17523.87,15820.98,0,0.0972,0,0
41077.26,195948.42,154871.16,1,0.2096,0,0
52993.7,54476.01,1482.31,2,0.9728,1,1
152.53,8176.61,8024.08,0,0.0187,1,0
246.12,8318.77,8072.65,0,0.0296,0,0
370.19,2461.22,2091.03,1,0.1504,0,0
527.12,28449.19,27922.07,0,0.0185,0,0
257.88,25752.04,25494.16,0,0.01,0,0
4583.59,34857.05,30273.45,0,0.1315,0,0
76781.81,113289.1,36507.3,4,0.6778,1,1
209.78,6785.81,6576.03,1,0.0309,0,0
4405.32,39358.8,34953.48,0,0.1119,0,0
25157.11,28434.67,3277.56,4,0.8847,1,1
2572.51,64394.97,61822.46,7,0.0399,0,1
163.29,28563.04,28399.75,0,0.0057,1,0
3270.3,19272.56,16002.26,1,0.1697,0,0
1745.77,33064.1,31318.34,0,0.0528,0,0
43695.44,227926.73,184231.29,0,0.1917,0,0
590.65,37207.02,36616.37,0,0.0159,0,0
1242.65,38809.19,37566.54,0,0.032,0,0
2211.24,28560.06,26348.82,0,0.0774,0,0
138.74,5588.83,5450.09,0,0.0248,0,0
93.82,2578.23,2484.4,0,0.0364,0,0
347.36,32154.42,31807.06,0,0.0108,0,0
11831.77,65181.58,53349.81,0,0.1815,0,0
27610.41,30700.71,3090.3,3,0.8993,1,1
4685.73,31398.33,26712.6,0,0.1492,0,0
2433.81,27272.13,24838.32,0,0.0892,0,0
526.8,2898.27,2371.47,0,0.1818,0,0
3343.77,39954.13,36610.36,0,0.0837,1,0
1107.42,28154.42,27047.0,0,0.0393,0,0
1155.66,33697.49,32541.84,0,0.0343,0,0
255.46,39068.32,38812.85,0,0.0065,0,0
258.95,11545.3,11286.34,0,0.0224,0,0
431.37,19336.99,18905.62,0,0.0223,0,0
10466.57,73052.87,62586.31,0,0.1433,0,0
1026.35,31765.02,30738.68,0,0.0323,0,0
2746.97,35632.04,32885.08,0,0.0771,0,0
7765.65,20803.88,13038.23,1,0.3733,0,0
404.49,12738.89,12334.39,0,0.0318,1,0
1859.06,34005.48,32146.43,0,0.0547,1,0
6541.12,36003.03,29461.91,0,0.1817,0,0
1539.99,32952.4,31412.41,0,0.0467,0,0
1681.62,31089.49,29407.87,0,0.0541,0,0
147.45,7931.99,7784.54,0,0.0186,0,0
111.36,3193.19,3081.82,0,0.0349,0,0
14818.86,70051.29,55232.43,0,0.2115,0,0
3928.31,18277.31,14349.01,0,0.2149,0,0
7154.34,29043.35,21889.01,0,0.2463,0,0
935.64,22758.41,21822.76,0,0.0411,0,0
4590.86,4775.07,184.21,3,0.9614,0,1
2404.33,21119.08,18714.75,1,0.1138,1,0
4552.67,17742.52,13189.85,1,0.2566,1,0
2623.29,10769.79,8146.49,0,0.2436,0,0
37253.16,285991.42,248738.26,0,0.1303,0,0
3422.97,20437.1,17014.14,0,0.1675,1,0
6376.5,35113.73,28737.23,0,0.1816,0,0
36572.02,285230.89,248658.87,0,0.1282,0,0
15451.17,17048.98,1597.81,3,0.9063,1,1
7888.08,67435.9,59547.83,7,0.117,0,1
725.38,4396.22,3670.84,0,0.165,0,0
2682.42,58059.08,55376.66,3,0.0462,1,1
452.55,14381.08,13928.52,2,0.0315,0,0
79.06,10129.48,10050.42,0,0.0078,0,0
41863.69,191284.47,149420.78,1,0.2189,0,0
38970.35,221755.51,182785.16,0,0.1757,0,0
4873.41,5276.68,403.26,2,0.9236,1,1
71.08,12744.57,12673.49,0,0.0056,1,0
4504.74,18107.19,13602.46,0,0.2488,0,0
794.2,24165.24,23371.04,0,0.0329,0,0
3198.29,21371.77,18173.48,0,0.1497,0,0
13992.49,14407.49,415.0,1,0.9712,0,1
2718.57,18469.53,15750.97,0,0.1472,0,0
4143.23,33500.44,29357.21,2,0.1237,0,0
55961.34,58900.21,2938.87,2,0.9501,1,1
15306.28,125679.9,110373.62,0,0.1218,0,0
29292.36,231156.96,201864.59,1,0.1267,0,0
978.33,4295.27,3316.94,0,0.2278,0,0
394.95,24623.52,24228.57,0,0.016,0,0
5188.17,74093.66,68905.5,7,0.07,0,1
6545.49,105475.11,98929.62,0,0.0621,0,0
3252.57,14550.82,11298.25,0,0.2235,1,0
5749.9,61299.68,55549.79,3,0.0938,0,1
3431.49,16438.48,13006.99,0,0.2087,0,0
29731.4,198901.55,169170.15,0,0.1495,0,0
45771.45,51310.08,5538.63,2,0.8921,1,1
171.65,5345.09,5173.44,0,0.0321,1,0
12629.93,247008.75,234378.82,0,0.0511,0,0
50634.78,69801.02,19166.23,1,0.7254,1,1
20524.86,149676.07,129151.21,0,0.1371,0,0
28128.49,111777.76,83649.27,0,0.2516,0,0
1092.68,12981.13,11888.45,0,0.0842,0,0
6063.93,35486.08,29422.15,0,0.1709,0,0
62961.18,80007.49,17046.31,1,0.7869,0,1
7892.66,287445.13,279552.47,1,0.0275,0,0
8087.85,12036.12,3948.27,2,0.672,1,1
3676.18,18233.72,14557.53,0,0.2016,0,0
5014.41,31698.19,26683.79,4,0.1582,1,1
325.03,18789.68,18464.66,0,0.0173,0,0
64999.67,77216.47,12216.81,5,0.8418,1,1
2359.17,23441.5,21082.33,0,0.1006,1,0
2933.96,7548.8,4614.84,1,0.3887,0,0
49622.69,50558.33,935.64,2,0.9815,1,1
1004.25,14467.93,13463.68,0,0.0694,0,0
44510.04,49034.92,4524.88,1,0.9077,0,1
2371.51,9575.86,7204.35,0,0.2477,0,0
3141.33,35675.44,32534.11,0,0.0881,0,0
1147.04,18168.75,17021.7,2,0.0631,0,0
1229.35,12341.52,11112.16,0,0.0996,0,0
6012.56,25179.3,19166.74,0,0.2388,0,0
3610.93,12078.68,8467.75,0,0.299,0,0
995.07,20827.45,19832.38,0,0.0478,0,0
13923.53,75452.19,61528.65,0,0.1845,0,0
1777.85,32202.76,30424.92,0,0.0552,0,0
27.2,3966.33,3939.13,1,0.0069,1,0
21354.58,23323.39,1968.81,2,0.9156,1,1
2236.73,14753.15,12516.42,0,0.1516,0,0
53012.12,59862.06,6849.94,4,0.8856,0,1
1285.0,33514.71,32229.72,0,0.0383,0,0
24.52,15498.23,15473.71,0,0.0016,0,0
8674.74,11386.01,2711.27,2,0.7619,1,1
22099.75,280865.09,258765.33,0,0.0787,0,0
441.75,2830.35,2388.6,0,0.1561,0,0
248.86,16072.17,15823.31,0,0.0155,0,0
71.49,9117.92,9046.43,0,0.0078,0,0
1143.02,19087.83,17944.81,0,0.0599,0,0
2650.56,16432.03,13781.47,0,0.1613,0,0
330.02,16750.14,16420.12,0,0.0197,0,0
1655.11,24291.12,22636.02,1,0.0681,0,0
29332.36,260588.98,231256.62,0,0.1126,0,0
20220.71,179102.1,158881.39,0,0.1129,0,0
5053.46,33072.57,28019.11,0,0.1528,0,0
38747.58,40919.26,2171.68,1,0.9469,0,1
2980.52,11494.96,8514.44,0,0.2593,0,0
12585.46,116753.98,104168.52,0,0.1078,0,0
2498.6,38047.19,35548.59,0,0.0657,0,0
14085.05,241183.62,227098.56,0,0.0584,0,0
37.11,2353.79,2316.69,0,0.0158,0,0
8191.04,257718.36,249527.33,0,0.0318,0,0
2080.07,32895.95,30815.87,0,0.0632,0,0
279.3,18886.63,18607.33,0,0.0148,0,0
3455.37,16827.45,13372.07,0,0.2053,0,0
181.33,11181.39,11000.06,0,0.0162,1,0
1317.71,13008.45,11690.74,0,0.1013,0,0
91582.58,98815.39,7232.81,5,0.9268,0,1
34015.65,215696.04,181680.39,0,0.1577,0,0
760.23,12153.88,11393.64,0,0.0626,0,0
3369.67,18028.36,14658.68,0,0.1869,0,0
2731.84,11012.37,8280.53,0,0.2481,0,0
25745.85,146699.93,120954.08,0,0.1755,0,0
56.11,8491.17,8435.06,0,0.0066,0,0
1323.95,9826.05,8502.1,0,0.1347,0,0
2074.91,24093.43,22018.53,0,0.0861,0,0
56850.5,113797.07,56946.57,1,0.4996,1,1
1841.63,25871.85,24030.22,0,0.0712,0,0
1439.32,31908.13,30468.81,0,0.0451,0,0
3038.19,20041.22,17003.03,0,0.1516,0,0
36278.4,200091.26,163812.86,0,0.1813,0,0
594.14,27934.2,27340.07,0,0.0213,0,0
349.19,11316.82,10967.63,0,0.0309,0,0
315.99,33693.61,33377.61,0,0.0094,0,0
708.2,21395.03,20686.84,0,0.0331,0,0
230.39,37465.44,37235.05,0,0.0061,0,0
494.42,8377.24,7882.82,0,0.059,0,0
31634.26,256089.55,224455.29,0,0.1235,0,0
36852.08,231208.21,194356.14,1,0.1594,0,0
78196.25,84565.21,6368.96,5,0.9247,0,1
481.76,8622.75,8141.0,0,0.0559,1,0
2645.08,39088.77,36443.68,0,0.0677,0,0
369.62,8160.55,7790.92,0,0.0453,1,0
1227.14,10195.66,8968.52,0,0.1204,0,0
519.48,6967.92,6448.44,0,0.0746,0,0
58882.97,88643.04,29760.07,1,0.6643,0,1
6810.57,31772.25,24961.67,0,0.2144,0,0
3000.9,28734.08,25733.18,1,0.1044,0,0
2041.29,37630.2,35588.91,0,0.0542,0,0
3263.39,23583.02,20319.64,0,0.1384,1,0
461.94,9259.99,8798.05,0,0.0499,0,0
1187.76,17547.53,16359.77,0,0.0677,0,0
263.28,2552.7,2289.41,0,0.1031,0,0
429.9,9845.29,9415.38,1,0.0437,0,0
1888.43,22570.35,20681.93,0,0.0837,0,0
2118.94,34917.02,32798.09,4,0.0607,1,1
252.87,11630.26,11377.39,0,0.0217,1,0
13432.75,16988.23,3555.48,2,0.7907,1,1
18542.31,263164.69,244622.38,0,0.0705,0,0
38182.63,153113.46,114930.83,0,0.2494,0,0
5245.15,286770.15,281525.01,0,0.0183,0,0
2212.89,10033.69,7820.81,1,0.2205,0,0
503.83,25241.48,24737.65,0,0.02,0,0
800.47,4354.9,3554.42,0,0.1838,0,0
14685.88,86907.28,72221.39,0,0.169,0,0
279.71,30444.44,30164.73,0,0.0092,0,0
4586.6,25123.47,20536.87,0,0.1826,1,0
43090.56,140497.64,97407.07,0,0.3067,0,0
7013.12,37136.5,30123.38,0,0.1888,0,0
2111.18,16592.57,14481.39,0,0.1272,0,0
344.4,11590.15,11245.75,0,0.0297,1,0
31.23,3171.34,3140.11,1,0.0098,0,0
5134.15,15256.76,10122.61,0,0.3365,0,0
1612.07,37353.34,35741.27,0,0.0432,0,0
1632.89,28626.57,26993.69,0,0.057,1,0
3540.49,33104.62,29564.12,0,0.1069,0,0
66387.86,82940.52,16552.66,1,0.8004,0,1
9330.07,34040.34,24710.27,4,0.2741,0,1
932.74,33592.19,32659.45,0,0.0278,0,0
850.34,5245.29,4394.95,0,0.1621,0,0
3999.43,30617.17,26617.74,0,0.1306,0,0
6876.35,25145.87,18269.52,4,0.2735,0,1
3785.66,12923.54,9137.89,0,0.2929,0,0
27100.04,252950.04,225850.0,0,0.1071,0,0
51959.28,52528.55,569.27,2,0.9892,1,1
600.2,30269.96,29669.76,0,0.0198,0,0
603.1,6302.79,5699.69,0,0.0957,0,0
14469.7,15932.12,1462.42,2,0.9082,1,1
31469.54,108218.72,76749.18,0,0.2908,0,0
5166.88,99517.13,94350.25,0,0.0519,0,0
8027.99,171914.34,163886.35,0,0.0467,0,0
34952.76,112507.36,77554.61,0,0.3107,0,0
2660.61,15278.15,12617.54,0,0.1741,0,0
3312.82,27746.61,24433.79,0,0.1194,0,0
1904.65,9762.17,7857.52,1,0.1951,0,0
42.56,4125.22,4082.66,0,0.0103,1,0
10143.85,70250.74,60106.9,7,0.1444,1,1
1679.5,11566.86,9887.36,0,0.1452,0,0
4004.2,34080.07,30075.87,0,0.1175,0,0
608.85,31563.43,30954.58,0,0.0193,1,0
6693.48,28474.18,21780.7,2,0.2351,1,0
1460.82,17799.44,16338.63,0,0.0821,0,0
6731.55,74890.86,68159.31,0,0.0899,0,0
1039.91,14949.01,13909.1,0,0.0696,0,0
1866.05,14765.01,12898.96,0,0.1264,0,0
2554.04,30751.93,28197.89,0,0.0831,0,0
34145.69,153185.52,119039.83,0,0.2229,0,0
4765.44,17111.88,12346.44,0,0.2785,0,0
4477.77,30245.99,25768.22,0,0.148,0,0
6096.85,96471.01,90374.16,0,0.0632,0,0
6354.7,38096.01,31741.31,1,0.1668,0,0
670.69,5122.52,4451.83,0,0.1309,0,0
24193.86,32696.92,8503.06,2,0.7399,1,1
7337.08,38443.67,31106.6,0,0.1909,0,0
2843.57,10369.38,7525.82,0,0.2742,0,0
22926.43,275978.29,253051.86,0,0.0831,0,0
22634.2,160412.0,137777.8,0,0.1411,0,0
68.0,13295.62,13227.62,0,0.0051,1,0
932.6,19876.43,18943.82,0,0.0469,0,0
311.99,36640.68,36328.7,0,0.0085,0,0
40755.59,167840.65,127085.06,0,0.2428,0,0
4226.53,31765.32,27538.79,0,0.1331,0,0
30991.52,280415.41,249423.89,0,0.1105,0,0
516.59,8883.68,8367.08,0,0.0582,0,0
17220.97,192912.54,175691.57,0,0.0893,0,0
9430.7,10646.48,1215.78,3,0.8858,0,1
188.34,4038.07,3849.73,0,0.0466,0,0
19302.65,22868.16,3565.51,4,0.8441,1,1
519.01,5789.6,5270.59,0,0.0896,0,0
43893.62,249512.7,205619.09,0,0.1759,0,0
2917.4,10595.82,7678.42,0,0.2753,0,0
3417.38,38048.86,34631.48,0,0.0898,0,0
37139.24,236417.05,199277.81,0,0.1571,0,0
11769.07,62289.35,50520.28,1,0.1889,0,0
772.79,17871.35,17098.56,1,0.0432,0,0
25471.8,284595.06,259123.26,0,0.0895,0,0
23690.44,186765.42,163074.98,0,0.1268,0,0
23153.86,229078.47,205924.61,0,0.1011,0,0
541.77,3619.3,3077.54,0,0.1497,0,0
592.57,2531.75,1939.18,0,0.2341,0,0
9859.29,80045.98,70186.69,0,0.1232,0,0
40043.04,42417.46,2374.42,1,0.944,0,1
1072.85,16494.76,15421.91,0,0.065,0,0
16698.52,21054.16,4355.64,4,0.7931,1,1
6335.9,6933.32,597.41,4,0.9138,1,1
44782.57,174506.36,129723.79,0,0.2566,0,0
39850.92,219230.0,179379.08,0,0.1818,0,0
1795.31,77628.34,75833.03,5,0.0231,0,1
310.69,7034.61,6723.91,0,0.0442,1,0
3081.64,10880.22,7798.58,0,0.2832,1,0
3968.97,79964.73,75995.76,5,0.0496,1,1
4079.04,37222.49,33143.45,0,0.1096,0,0
565.35,33456.94,32891.59,0,0.0169,0,0
11330.6,16198.21,4867.61,2,0.6995,1,1
3703.97,13951.67,10247.7,0,0.2655,1,0
482.27,7672.23,7189.97,0,0.0629,1,0
10319.6,11156.1,836.5,3,0.925,0,1
2189.84,8742.29,6552.45,1,0.2505,0,0
19821.17,185010.49,165189.32,1,0.1071,0,0
4991.33,32169.54,27178.2,0,0.1552,0,0
726.88,13727.09,13000.21,0,0.053,0,0
27802.45,227047.15,199244.7,0,0.1225,0,0
3672.68,35270.82,31598.14,0,0.1041,0,0
1763.4,71101.55,69338.15,7,0.0248,1,1
2666.48,26541.25,23874.78,0,0.1005,0,0
425.07,4896.3,4471.23,0,0.0868,0,0
691.93,9493.82,8801.89,0,0.0729,0,0
3514.2,19906.99,16392.8,0,0.1765,0,0
10194.63,14483.61,4288.98,4,0.7039,0,1
30856.07,190004.84,159148.77,0,0.1624,0,0
1267.76,14335.46,13067.7,0,0.0884,0,0
4624.97,15175.31,10550.34,0,0.3048,0,0
1943.28,28036.56,26093.28,0,0.0693,0,0
41529.82,207458.4,165928.58,0,0.2002,0,0
4439.9,19311.54,14871.63,0,0.2299,1,0
4606.86,27524.94,22918.08,0,0.1674,0,0
1002.23,15071.35,14069.12,0,0.0665,0,0
7570.86,46820.38,39249.52,7,0.1617,0,1
983.77,9916.65,8932.87,0,0.0992,0,0
6728.93,185516.95,178788.03,0,0.0363,0,0
31868.5,32746.99,878.49,1,0.9732,1,1
89.69,3593.2,3503.51,0,0.025,0,0
449.3,27458.23,27008.93,0,0.0164,0,0
616.82,32818.61,32201.79,0,0.0188,0,0
2611.59,38558.22,35946.63,0,0.0677,0,0
9078.44,107098.97,98020.53,1,0.0848,0,0
11654.67,42002.25,30347.58,5,0.2775,1,1
6875.01,85583.58,78708.57,0,0.0803,0,0
346.55,13600.04,13253.49,0,0.0255,1,0
4830.31,30937.28,26106.97,0,0.1561,0,0
7846.38,34122.54,26276.16,0,0.2299,0,0
48.23,2841.29,2793.06,0,0.017,0,0
26994.74,149933.27,122938.53,0,0.18,0,0
6461.86,35974.07,29512.22,0,0.1796,0,0
6225.67,30964.77,24739.1,0,0.2011,0,0
3703.98,25519.97,21815.98,0,0.1451,0,0
3443.81,16730.65,13286.84,0,0.2058,0,0
357.77,9347.62,8989.85,0,0.0383,1,0
153.97,9395.71,9241.73,0,0.0164,1,0
7125.02,36029.76,28904.74,0,0.1978,0,0
14089.92,294315.1,280225.17,0,0.0479,0,0
603.1,26074.13,25471.02,0,0.0231,0,0
228.66,3120.05,2891.39,0,0.0733,1,0
1407.3,24055.58,22648.28,0,0.0585,0,0
180.76,10359.66,10178.91,0,0.0174,0,0
2275.3,35199.77,32924.46,0,0.0646,0,0
282.16,14952.92,14670.75,0,0.0189,1,0
4356.07,24446.07,20090.0,0,0.1782,0,0
6427.02,26756.09,20329.07,0,0.2402,0,0
24039.32,209396.0,185356.67,0,0.1148,0,0
4006.87,33282.19,29275.33,0,0.1204,0,0
1034.02,20267.13,19233.11,0,0.051,0,0
1674.49,24680.56,23006.07,0,0.0678,0,0
241.2,7123.08,6881.88,0,0.0339,1,0
284.37,7485.85,7201.48,0,0.038,0,0
6094.9,19514.14,13419.23,0,0.3123,0,0
5832.37,22824.82,16992.45,0,0.2555,0,0
114.6,7592.2,7477.6,1,0.0151,0,0
1439.42,25564.33,24124.91,0,0.0563,0,0
2517.56,11813.29,9295.73,0,0.2131,0,0
12549.69,14300.18,1750.49,3,0.8776,1,1
4266.14,14254.69,9988.55,7,0.2993,0,1
2041.26,23023.85,20982.59,0,0.0887,0,0
28.61,32708.02,32679.4,0,0.0009,0,0
1794.41,34125.93,32331.52,1,0.0526,0,0
7212.57,19642.12,12429.55,0,0.3672,0,0
1655.19,26706.21,25051.02,0,0.062,1,0
31770.99,33582.69,1811.7,2,0.9461,0,1
1829.29,22115.91,20286.61,0,0.0827,0,0
1236.27,9229.12,7992.84,0,0.134,0,0
282.54,39218.78,38936.24,0,0.0072,0,0
4616.6,31996.55,27379.95,0,0.1443,0,0
4474.09,4480.96,34.23,3,0.9985,0,1
7745.54,16609.97,8864.43,4,0.4663,0,1
9932.62,24005.75,14073.13,4,0.4138,0,1
4103.33,38817.18,34713.85,1,0.1057,0,0
1455.33,25656.79,24201.45,0,0.0567,0,0
496.46,36424.64,35928.18,0,0.0136,0,0
302.28,3320.2,3017.92,0,0.091,0,0
2630.46,24608.8,21978.33,1,0.1069,0,0
84.4,21216.48,21132.08,0,0.004,0,0
2316.81,8068.2,5751.39,0,0.2872,0,0
14.46,4439.87,4425.42,0,0.0033,1,0
33903.45,37641.8,3738.35,2,0.9007,0,1
2914.68,24601.27,21686.59,0,0.1185,0,0
16941.27,22045.58,5104.3,3,0.7685,1,1
52327.78,58315.5,5987.72,1,0.8973,0,1
53694.08,59753.18,6059.1,3,0.8986,1,1
1028.81,5130.49,4101.68,0,0.2005,0,0
365.01,22029.37,21664.36,0,0.0166,0,0
52.02,24788.08,24736.06,0,0.0021,0,0
406.77,6775.12,6368.36,0,0.06,0,0
1204.01,23484.64,22280.62,0,0.0513,0,0
17423.47,18637.76,1214.29,1,0.9348,0,1
738.61,12849.95,12111.34,0,0.0575,1,0
395.22,34093.7,33698.48,0,0.0116,0,0
86164.93,103549.27,17384.33,5,0.8321,1,1
537.44,6017.53,5480.09,0,0.0893,1,0
278.17,5190.16,4911.99,1,0.0536,0,0
1641.24,31825.87,30184.63,0,0.0516,0,0
57.42,5945.9,5888.48,0,0.0097,0,0
16196.9,17718.72,1521.82,4,0.9141,1,1
1229.82,19918.38,18688.56,0,0.0617,0,0
2938.17,19926.11,16987.94,0,0.1475,0,0
55117.91,58860.74,3742.83,4,0.9364,1,1
12710.33,108350.76,95640.43,0,0.1173,0,0
5544.56,26787.08,21242.53,0,0.207,0,0
14960.35,262769.12,247808.77,0,0.0569,0,0
37936.22,40452.33,2516.11,1,0.9378,1,1
8346.54,197914.1,189567.56,0,0.0422,0,0
2082.35,37346.28,35263.93,0,0.0558,0,0
117.68,7857.0,7739.33,0,0.015,1,0
3447.06,16450.84,13003.77,0,0.2095,0,0
50960.92,58967.04,8006.13,5,0.8642,1,1
5339.05,29081.13,23742.08,0,0.1836,0,0
29395.69,38047.81,8652.12,2,0.7726,1,1
1430.54,35187.72,33757.18,0,0.0407,0,0
846.77,7846.79,7000.03,0,0.1079,0,0
5715.83,39752.37,34036.54,0,0.1438,0,0
4611.69,27958.34,23346.66,0,0.1649,0,0
4361.01,39901.3,35540.29,0,0.1093,0,0
4099.6,27172.34,23072.74,0,0.1509,0,0
465.46,12675.51,12210.05,0,0.0367,0,0
1832.03,38689.68,36857.65,0,0.0474,0,0
158.25,11639.69,11481.45,0,0.0136,0,0
3115.18,26307.24,23192.06,0,0.1184,0,0
90609.42,104593.88,13984.46,2,0.8663,1,1
249.36,8503.09,8253.73,0,0.0293,1,0
68.41,6525.8,6457.39,0,0.0105,0,0
1599.37,35475.09,33875.71,1,0.0451,0,0
2676.83,7103.28,4426.46,0,0.3768,0,0
222.03,2079.1,1857.07,1,0.1068,0,0
399.32,13440.97,13041.65,0,0.0297,1,0
2587.2,2804.57,217.37,4,0.9225,1,1
29989.58,186151.66,156162.08,0,0.1611,0,0
457.13,15607.24,15150.11,2,0.0293,0,0
998.66,6528.09,5529.43,0,0.153,0,0
2942.84,23778.86,20836.02,2,0.1238,0,0
1372.76,11745.6,10372.84,0,0.1169,0,0
3220.77,18029.47,14808.7,0,0.1786,0,0
5457.24,34710.45,29253.21,0,0.1572,0,0
6066.14,23304.43,17238.29,0,0.2603,0,0
316.03,6539.06,6223.02,0,0.0483,1,0
36991.45,195931.63,158940.18,1,0.1888,0,0
851.59,10586.2,9734.61,0,0.0804,1,0
77.22,25602.66,25525.44,0,0.003,0,0
2081.64,13643.79,11562.14,0,0.1526,0,0
379.56,17919.1,17539.53,2,0.0212,0,0
9186.82,127184.96,117998.14,0,0.0722,0,0
14651.08,15483.25,832.16,2,0.9463,0,1
1223.89,7603.25,6379.35,0,0.161,1,0
2202.05,18346.68,16144.64,0,0.12,0,0
276.24,2420.07,2143.83,0,0.1141,0,0
1111.34,32491.05,31379.71,1,0.0342,0,0
401.65,2978.21,2576.56,1,0.1349,0,0
4462.93,39002.43,34539.5,0,0.1144,0,0
3365.2,12590.88,9225.68,0,0.2673,0,0
6016.51,23681.69,17665.17,0,0.2541,0,0
1439.24,15575.19,14135.95,0,0.0924,1,0
30213.4,31248.36,1034.96,3,0.9669,0,1
749.05,28260.12,27511.07,0,0.0265,0,0
40817.4,239479.77,198662.36,0,0.1704,0,0
37894.54,207578.42,169683.88,0,0.1826,0,0
4369.47,10405.96,6036.48,0,0.4199,0,0
2956.85,23557.86,20601.02,0,0.1255,0,0
134.47,29104.71,28970.23,0,0.0046,1,0
65821.23,70660.04,4838.8,1,0.9315,0,1
17932.92,189562.45,171629.52,0,0.0946,0,0
7980.06,24652.99,16672.94,0,0.3237,0,0
5419.08,17464.24,12045.16,2,0.3103,0,0
48.46,12965.43,12916.97,0,0.0037,1,0
22.25,4108.65,4086.4,0,0.0054,1,0
9680.4,55587.79,45907.39,5,0.1741,0,1
4717.97,34379.61,29661.64,0,0.1372,1,0
6586.72,21299.98,14713.26,1,0.3092,0,0
1566.27,34052.33,32486.07,1,0.046,0,0
546.57,22932.58,22386.01,0,0.0238,0,0
75651.53,78854.45,3202.92,4,0.9594,1,1
27646.98,186383.62,158736.64,0,0.1483,0,0
392.42,4941.64,4549.22,1,0.0794,0,0
42230.29,141792.85,99562.56,0,0.2978,0,0
11875.54,78932.13,67056.59,4,0.1505,1,1
591.07,36627.32,36036.25,1,0.0161,0,0
6785.36,33079.18,26293.82,2,0.2051,1,0
46366.11,51452.65,5086.53,3,0.9011,1,1
1553.32,24483.86,22930.54,0,0.0634,1,0
183.89,32770.64,32586.75,0,0.0056,0,0
14107.95,271892.47,257784.53,0,0.0519,0,0
43140.77,44111.03,970.26,1,0.978,0,1
420.07,6248.41,5828.35,0,0.0672,0,0
496.85,24650.43,24153.58,0,0.0202,1,0
25491.29,38770.59,13279.3,3,0.6575,1,1
2589.51,16599.19,14009.68,0,0.156,0,0
3158.99,52421.09,49262.1,6,0.0603,1,1
600.18,20147.15,19546.97,0,0.0298,0,0
185.95,5370.7,5184.74,0,0.0346,0,0
74.94,4632.95,4558.01,0,0.0162,0,0
40.64,5625.33,5584.69,0,0.0072,0,0
5235.84,7620.52,2384.68,3,0.6871,1,1
7164.88,36438.1,29273.22,0,0.1966,0,0
2330.48,18926.48,16596.0,1,0.1231,0,0
3829.6,13864.81,10035.21,0,0.2762,0,0
355.6,10408.51,10052.91,0,0.0342,0,0
2667.61,20333.16,17665.54,0,0.1312,0,0
447.69,13156.54,12708.85,0,0.034,1,0
257.41,8727.65,8470.24,0,0.0295,0,0
14363.92,233242.26,218878.34,1,0.0616,0,0
26225.42,171927.39,145701.97,0,0.1525,0,0
9927.68,257381.85,247454.18,0,0.0386,0,0
19873.97,144076.21,124202.23,0,0.1379,0,0
22544.62,198882.1,176337.48,0,0.1134,0,0
4774.31,23093.23,18318.92,0,0.2067,0,0
1332.38,19075.9,17743.52,0,0.0698,0,0
4929.1,16467.39,11538.29,0,0.2993,0,0
1877.77,32039.37,30161.6,0,0.0586,0,0
27573.7,35551.94,7978.24,2,0.7756,1,1
2143.94,31463.15,29319.22,0,0.0681,0,0
2314.21,23765.36,21451.14,0,0.0974,0,0
5457.56,21618.77,16161.2,0,0.2524,0,0
1472.28,38897.49,37425.21,0,0.0379,0,0
2980.9,30928.31,27947.41,0,0.0964,0,0
1106.99,27125.25,26018.27,0,0.0408,0,0
85.05,13433.38,13348.33,0,0.0063,0,0
1596.1,10743.45,9147.35,0,0.1486,0,0
498.4,3355.63,2857.23,0,0.1485,0,0
325.77,13306.45,12980.68,0,0.0245,1,0
1457.53,37863.98,36406.45,0,0.0385,0,0
2952.86,24259.57,21306.71,0,0.1217,0,0
187.72,25617.28,25429.56,0,0.0073,0,0
4995.02,18604.91,13609.9,1,0.2685,0,0
6518.85,33521.88,27003.03,0,0.1945,0,0
686.36,6110.09,5423.73,1,0.1123,1,0
7171.31,101891.01,94719.7,0,0.0704,0,0
794.13,28318.33,27524.2,1,0.028,0,0
27695.2,39494.21,11799.01,3,0.7012,1,1
7649.42,32509.35,24859.93,0,0.2353,0,0
4300.58,25805.63,21505.05,0,0.1667,0,0
6845.63,36333.31,29487.68,0,0.1884,0,0
3495.62,18763.66,15268.04,0,0.1863,0,0
399.99,4143.75,3743.76,0,0.0965,0,0
26670.44,153457.19,126786.75,1,0.1738,0,0
6003.39,28456.43,22453.04,0,0.211,0,0
1894.99,33031.15,31136.16,0,0.0574,0,0
746.04,29423.02,28676.98,0,0.0254,0,0
6245.07,8197.93,1952.86,4,0.7618,1,1
539.8,29894.88,29355.08,0,0.0181,0,0
586.09,29596.58,29010.49,0,0.0198,0,0
8032.97,8261.38,228.41,2,0.9724,1,1
5057.51,29759.01,24701.49,0,0.1699,0,0
1403.4,25094.0,23690.6,0,0.0559,0,0
6496.98,24132.06,17635.08,0,0.2692,0,0
1458.57,36695.58,35237.01,0,0.0397,0,0
594.9,13713.8,13118.9,0,0.0434,0,0
2697.93,12911.24,10213.31,0,0.209,0,0
108.08,1097.87,989.8,0,0.0984,1,0
322.67,14731.3,14408.63,0,0.0219,1,0
562.68,27080.1,26517.42,0,0.0208,0,0
1495.09,25419.27,23924.18,2,0.0588,0,0
2403.08,38608.95,36205.87,0,0.0622,1,0
1906.84,18047.93,16141.08,2,0.1057,0,0
834.81,14528.41,13693.59,0,0.0575,0,0
1586.42,33206.75,31620.33,0,0.0478,0,0
36899.56,188417.7,151518.14,0,0.1958,0,0
1838.42,38122.57,36284.15,0,0.0482,0,0
4901.26,19920.6,15019.34,0,0.246,0,0
646.15,21307.06,20660.91,0,0.0303,0,0
5736.59,98563.1,92826.51,0,0.0582,0,0
1976.87,15697.46,13720.59,0,0.1259,0,0
6366.96,28186.15,21819.18,0,0.2259,0,0
4808.94,25570.6,20761.65,0,0.1881,0,0
817.88,17944.8,17126.92,0,0.0456,0,0
5066.59,20983.36,15916.77,0,0.2415,0,0
1469.94,15496.32,14026.37,0,0.0949,0,0
4504.88,27953.32,23448.43,0,0.1612,0,0
1804.24,17513.03,15708.78,0,0.103,0,0
1579.82,24105.99,22526.17,0,0.0655,0,0
6833.78,38480.45,31646.67,0,0.1776,0,0
242.77,21267.81,21025.04,0,0.0114,0,0
32685.37,34427.42,1742.05,1,0.9494,1,1
289.09,17137.5,16848.41,0,0.0169,0,0
3086.66,19303.97,16217.31,1,0.1599,0,0
1913.9,24272.07,22358.17,0,0.0789,0,0
8620.32,11649.24,3028.92,3,0.74,1,1
2256.89,35632.45,33375.56,1,0.0633,0,0
2437.04,38091.91,35654.87,0,0.064,0,0
16914.0,279838.08,262924.08,1,0.0604,0,0
32333.02,280092.38,247759.36,0,0.1154,0,0
20564.92,204820.22,184255.3,0,0.1004,0,0
2212.78,39004.42,36791.63,0,0.0567,0,0
214.99,37235.97,37020.98,0,0.0058,0,0
317.96,6536.57,6218.62,2,0.0486,0,0
14547.38,109623.81,95076.43,0,0.1327,0,0
479.02,7548.39,7069.37,0,0.0635,0,0
1941.04,24386.51,22445.48,0,0.0796,1,0
547.88,6165.75,5617.87,0,0.0889,0,0
34.01,3479.34,3445.33,1,0.0098,0,0
2792.52,8902.44,6109.92,0,0.3137,0,0
11816.9,14671.88,2854.97,2,0.8054,1,1
938.92,11530.56,10591.64,0,0.0814,0,0
3554.85,20439.62,16884.77,0,0.1739,0,0
559.85,8290.34,7730.49,0,0.0675,0,0
1286.64,12095.45,10808.81,0,0.1064,0,0
38037.29,193124.89,155087.59,0,0.197,0,0
7566.81,30569.36,23002.54,0,0.2475,0,0
20.09,14067.21,14047.11,2,0.0014,1,0
3245.06,38361.76,35116.7,0,0.0846,0,0
5732.54,17893.71,12161.18,0,0.3204,0,0
754.99,14297.49,13542.5,0,0.0528,1,0
256.09,4821.38,4565.29,0,0.0531,0,0
869.24,22519.44,21650.2,0,0.0386,0,0
48029.48,54459.17,6429.69,4,0.8819,1,1
5373.37,22432.3,17058.93,0,0.2395,0,0
1457.42,11076.12,9618.7,0,0.1316,0,0
2607.41,28807.51,26200.1,0,0.0905,1,0
553.31,16940.73,16387.42,0,0.0327,0,0
254.38,12669.35,12414.97,0,0.0201,1,0
4692.85,71190.31,66497.46,3,0.0659,0,1
4655.26,30609.04,25953.78,0,0.1521,0,0
60934.7,72999.87,12065.16,4,0.8347,1,1
12191.91,193077.39,180885.47,0,0.0631,0,0
44011.98,259796.83,215784.84,0,0.1694,0,0
484.49,38008.9,37524.41,0,0.0127,0,0
3976.96,25591.64,21614.68,0,0.1554,0,0
11776.1,69528.36,57752.26,3,0.1694,1,1
1510.85,16160.97,14650.12,0,0.0935,0,0
3168.26,33538.4,30370.14,0,0.0945,0,0
1030.46,29811.16,28780.7,0,0.0346,0,0
3776.97,25933.18,22156.21,0,0.1456,0,0
2858.47,23608.69,20750.21,0,0.1211,0,0
2694.75,28791.31,26096.56,0,0.0936,0,0
35010.63,210558.94,175548.31,0,0.1663,0,0
16778.28,221870.71,205092.43,0,0.0756,0,0
322.44,33643.48,33321.04,2,0.0096,0,0
20946.77,119698.38,98751.61,0,0.175,0,0
3581.29,39562.1,35980.81,0,0.0905,0,0
21659.84,26699.08,5039.24,4,0.8113,1,1
12298.1,76568.86,64270.76,0,0.1606,0,0
3640.3,25560.05,21919.75,0,0.1424,0,0
6314.98,30869.04,24554.06,1,0.2046,0,0
29536.61,234172.68,204636.07,0,0.1261,0,0
3502.23,32600.28,29098.05,0,0.1074,0,0
203.28,7630.75,7427.47,0,0.0266,0,0
4864.21,23454.44,18590.24,1,0.2074,1,0
583.6,17118.6,16535.0,0,0.0341,0,0
555.75,17758.23,17202.48,0,0.0313,0,0
5798.75,33323.02,27524.26,0,0.174,0,0
449.56,13574.04,13124.48,0,0.0331,0,0
191.86,27067.31,26875.45,0,0.0071,0,0
261.57,13522.56,13260.99,0,0.0193,1,0
3932.74,4075.51,142.77,3,0.965,0,1
12784.9,167948.32,155163.42,0,0.0761,0,0
1839.41,12003.26,10163.85,0,0.1532,0,0
2590.76,12624.59,10033.83,1,0.2052,0,0
601.64,21896.82,21295.19,0,0.0275,1,0
805.38,15423.55,14618.18,0,0.0522,0,0
1063.21,15214.11,14150.9,0,0.0699,0,0
1337.97,7706.42,6368.45,0,0.1736,0,0
118.03,12853.79,12735.76,0,0.0092,1,0
104.32,23202.05,23097.73,0,0.0045,0,0
241.92,6221.69,5979.78,0,0.0389,0,0
2423.6,9374.05,6950.45,0,0.2585,0,0
596.03,31874.94,31278.91,0,0.0187,0,0
1740.32,34539.37,32799.05,0,0.0504,0,0
143.47,23810.09,23666.62,0,0.006,0,0
11435.48,83638.71,72203.23,0,0.1367,0,0
4494.45,33259.34,28764.89,0,0.1351,0,0
1447.41,28159.29,26711.88,0,0.0514,0,0
3369.63,39938.63,36569.0,1,0.0844,0,0
785.37,23180.12,22394.75,0,0.0339,0,0
7917.94,25102.37,17184.43,0,0.3154,0,0
21376.48,181660.91,160284.42,0,0.1177,0,0
7028.51,35208.48,28179.97,0,0.1996,0,0
10103.65,169900.6,159796.95,0,0.0595,0,0
6665.44,33599.08,26933.64,0,0.1984,0,0
7030.79,30637.63,23606.84,0,0.2295,0,0
352.29,5126.35,4774.05,0,0.0687,0,0
3255.49,25862.43,22606.94,0,0.1259,0,0
843.7,31211.92,30368.22,0,0.027,0,0
2048.26,28854.13,26805.88,0,0.071,0,0
6018.33,27134.75,21116.42,0,0.2218,0,0
12139.23,74287.02,62147.79,0,0.1634,0,0
782.66,15526.4,14743.74,0,0.0504,0,0
124.32,2840.85,2716.52,0,0.0438,1,0
23641.71,25758.6,2116.89,1,0.9178,1,1
765.18,9297.6,8532.41,0,0.0823,0,0
635.29,7240.16,6604.87,0,0.0877,1,0
2649.83,22656.63,20006.8,0,0.117,0,0
10697.44,14613.96,3916.52,4,0.732,0,1
1733.66,7004.96,5271.3,0,0.2475,0,0
39977.78,282078.73,242100.96,0,0.1417,0,0
3213.75,26951.63,23737.88,0,0.1192,0,0
6423.17,30191.08,23767.9,0,0.2128,1,0
215.69,7727.78,7512.09,0,0.0279,0,0
11495.12,38168.44,26673.32,3,0.3012,1,1
200.21,31125.3,30925.09,2,0.0064,0,0
1306.06,36098.88,34792.82,1,0.0362,0,0
40024.72,152893.3,112868.58,0,0.2618,0,0
201.97,9179.29,8977.32,0,0.022,0,0
286.31,5970.33,5684.02,0,0.048,0,0
2433.5,33932.78,31499.28,0,0.0717,0,0
4961.44,13856.05,8894.61,0,0.3581,0,0
8135.05,9067.35,932.3,1,0.8972,0,1
4055.45,23799.33,19743.88,0,0.1704,0,0
16985.57,77699.77,60714.2,0,0.2186,0,0
3697.32,17069.99,13372.67,0,0.2166,0,0
2309.36,11823.94,9514.58,0,0.1953,0,0
1958.79,15736.56,13777.77,0,0.1245,0,0
1130.67,30433.07,29302.41,0,0.0372,0,0
17321.01,210094.18,192773.16,0,0.0824,0,0
5598.42,36715.38,31116.95,2,0.1525,0,0
7359.53,8331.5,971.97,3,0.8833,1,1
516.04,2792.12,2276.08,2,0.1848,0,0
37396.52,296449.76,259053.23,0,0.1261,0,0
27.51,4944.38,4916.87,0,0.0056,1,0
1374.92,25567.78,24192.86,0,0.0538,0,0
82510.31,96476.1,13965.79,2,0.8552,0,1
50364.04,51002.2,638.16,1,0.9875,0,1
1104.57,21221.61,20117.04,1,0.052,0,0
4326.56,39714.37,35387.82,0,0.1089,0,0
4535.85,12969.32,8433.47,0,0.3497,0,0
1061.15,27729.56,26668.41,0,0.0383,0,0
562.98,32949.8,32386.82,0,0.0171,0,0
6645.94,73143.31,66497.37,0,0.0909,0,0
1927.98,27424.03,25496.05,0,0.0703,0,0
41812.01,263526.7,221714.69,0,0.1587,0,0
8804.43,78276.75,69472.31,4,0.1125,1,1
6252.07,39074.06,32821.99,0,0.16,0,0
2005.1,14270.24,12265.14,0,0.1405,0,0
3746.05,10179.27,6433.22,0,0.368,0,0
4886.71,32257.26,27370.55,0,0.1515,0,0
146.62,1441.48,1294.86,0,0.1017,1,0
1422.36,28155.13,26732.78,0,0.0505,0,0
18090.29,246383.64,228293.34,0,0.0734,0,0
218.95,35411.46,35192.51,0,0.0062,0,0
331.36,34684.65,34353.29,0,0.0096,0,0
1975.26,19620.54,17645.28,0,0.1007,1,0
39682.14,44688.95,5006.8,3,0.888,0,1
44510.93,174295.88,129784.94,0,0.2554,0,0
471.26,6869.13,6397.87,0,0.0686,0,0
9141.74,171295.62,162153.87,0,0.0534,0,0
1206.2,4475.22,3269.01,0,0.2695,0,0
33317.33,35312.33,1995.0,1,0.9435,1,1
1492.14,28561.29,27069.16,1,0.0522,0,0
13703.52,170478.97,156775.45,0,0.0804,0,0
1740.56,37763.33,36022.77,0,0.0461,0,0
4850.2,40291.91,35441.71,6,0.1204,0,1
100.75,5247.71,5146.96,0,0.0192,0,0
848.01,34550.21,33702.19,2,0.0245,0,0
4360.89,25664.17,21303.28,0,0.1699,1,0
5716.87,39111.47,33394.6,0,0.1462,0,0
1400.01,18300.71,16900.7,0,0.0765,0,0
33697.02,38088.36,4391.34,2,0.8847,1,1
34620.67,158906.96,124286.29,0,0.2179,0,0
1024.44,22458.6,21434.16,0,0.0456,0,0
86.23,3096.6,3010.37,0,0.0278,0,0
23.53,5668.31,5644.78,0,0.0042,0,0
21577.19,222749.4,201172.21,0,0.0969,0,0
38022.11,109680.2,71658.09,0,0.3467,0,0
25425.17,30354.76,4929.59,3,0.8376,1,1
3341.59,33474.4,30132.8,1,0.0998,0,0
1421.13,6851.33,5430.2,1,0.2074,0,0
25234.69,184623.22,159388.53,0,0.1367,0,0
194.31,2672.77,2478.46,0,0.0727,0,0
25055.7,118363.2,93307.49,0,0.2117,0,0
12164.74,16354.26,4189.52,4,0.7438,1,1
36235.91,37567.73,1331.82,4,0.9645,0,1
21175.89,25835.07,4659.18,2,0.8197,1,1
4026.44,37448.97,33422.53,0,0.1075,0,0
22007.25,24949.17,2941.92,2,0.8821,1,1
959.31,26423.87,25464.56,0,0.0363,0,0
4701.69,25735.33,21033.65,0,0.1827,1,0
938.67,19869.47,18930.8,1,0.0472,0,0
16.84,2757.7,2740.86,0,0.0061,1,0
1917.32,34071.75,32154.43,0,0.0563,0,0
265.51,12979.75,12714.24,0,0.0205,1,0
2333.93,11514.18,9180.25,0,0.2027,1,0
277.79,34354.53,34076.74,0,0.0081,0,0
137.67,12827.42,12689.76,0,0.0107,1,0
1407.5,12726.3,11318.8,2,0.1106,0,0
1060.89,38875.31,37814.42,0,0.0273,0,0
244.3,11826.48,11582.18,0,0.0207,0,0
4930.76,33049.88,28119.12,0,0.1492,0,0
5032.35,34626.8,29594.45,0,0.1453,0,0
15766.15,288040.4,272274.26,0,0.0547,0,0
578.54,28672.18,28093.64,1,0.0202,0,0
1413.7,35279.86,33866.15,1,0.0401,0,0
872.0,5162.27,4290.28,0,0.1689,0,0
458.51,16859.25,16400.74,1,0.0272,0,0
2732.99,37368.2,34635.22,0,0.0731,0,0
406.98,12788.86,12381.88,0,0.0318,0,0
3338.05,39292.57,35954.52,0,0.085,1,0
3773.42,25693.3,21919.88,0,0.1469,0,0
5470.42,31739.59,26269.17,0,0.1724,0,0
4162.02,66496.51,62334.48,4,0.0626,1,1
138.77,38949.89,38811.12,1,0.0036,0,0
1500.81,12578.0,11077.19,0,0.1193,0,0
1530.64,10381.59,8850.95,0,0.1474,0,0
3806.65,35117.81,31311.16,4,0.1084,1,1
50140.7,51261.7,1120.99,2,0.9781,0,1
1872.14,21096.2,19224.07,0,0.0887,1,0
953.28,29126.01,28172.72,0,0.0327,0,0
14565.29,14938.79,373.5,3,0.975,0,1
3430.19,21725.49,18295.29,0,0.1579,0,0
5926.52,25473.79,19547.26,0,0.2327,1,0
40820.93,136811.9,95990.98,0,0.2984,0,0
450.92,4685.03,4234.12,0,0.0962,0,0
41732.09,42141.36,409.27,3,0.9903,1,1
3191.43,37954.6,34763.17,0,0.0841,0,0
33747.19,37254.67,3507.48,2,0.9059,0,1
10464.22,37458.5,26994.28,7,0.2794,1,1
32.24,4639.02,4606.78,0,0.0069,1,0
3169.8,22030.49,18860.68,0,0.1439,0,0
50089.75,53043.24,2953.49,2,0.9443,0,1
322.51,2053.89,1731.38,2,0.157,0,0
97.93,11549.82,11451.89,0,0.0085,1,0
1812.91,28330.97,26518.06,0,0.064,0,0
5134.07,19822.95,14688.88,0,0.259,0,0
1836.67,12260.09,10423.42,0,0.1498,0,0
1467.72,20384.5,18916.78,0,0.072,0,0
4862.12,30058.88,25196.76,0,0.1618,1,0
364.86,4620.18,4255.32,0,0.079,1,0
6808.75,267855.33,261046.59,0,0.0254,0,0
2673.25,27770.81,25097.56,1,0.0963,0,0
2930.07,14769.94,11839.87,0,0.1984,0,0
197.14,17757.99,17560.84,0,0.0111,0,0
10323.93,259546.03,249222.1,0,0.0398,0,0
440.18,24254.86,23814.69,0,0.0181,0,0
3251.06,12034.36,8783.29,0,0.2701,0,0
4504.82,77062.42,72557.59,6,0.0585,0,1
1203.66,32785.32,31581.66,1,0.0367,0,0
311.5,12161.28,11849.78,0,0.0256,0,0
43088.87,200105.47,157016.6,0,0.2153,0,0
615.77,15836.6,15220.83,0,0.0389,0,0
31716.06,142232.49,110516.43,1,0.223,0,0
33078.68,215991.34,182912.67,0,0.1531,0,0
290.7,36825.17,36534.47,0,0.0079,0,0
2400.92,33691.65,31290.73,0,0.0713,0,0
7099.17,61445.29,54346.12,0,0.1155,0,0
20328.24,81848.72,61520.48,0,0.2484,0,0
472.6,3186.82,2714.22,0,0.1483,1,0
1828.99,11846.56,10017.57,0,0.1544,0,0
1093.3,6798.48,5705.18,0,0.1608,0,0
634.06,28792.4,28158.34,0,0.022,0,0
5036.29,27607.8,22571.51,0,0.1824,0,0
7513.46,35238.66,27725.21,0,0.2132,1,0
26135.96,156345.16,130209.2,0,0.1672,0,0
20671.16,125771.47,105100.31,0,0.1644,0,0
3452.3,17325.78,13873.47,0,0.1993,0,0
1184.9,3837.78,2652.88,0,0.3087,0,0
115.06,2165.66,2050.6,0,0.0531,0,0
73094.38,100867.37,27772.99,1,0.7247,1,1
1081.06,27475.57,26394.51,0,0.0393,0,0
4079.7,16546.35,12466.66,0,0.2466,0,0
72912.61,97340.77,24428.16,5,0.749,0,1
17.11,23080.36,23063.25,1,0.0007,0,0
117.29,4364.46,4247.18,0,0.0269,0,0
1830.73,35064.3,33233.56,1,0.0522,0,0
1895.67,21589.76,19694.09,1,0.0878,0,0
488.86,19453.57,18964.71,0,0.0251,0,0
35.35,15487.14,15451.79,0,0.0023,0,0
2392.07,26482.95,24090.88,0,0.0903,0,0
8879.73,57202.8,48323.07,5,0.1552,0,1
1225.68,19494.67,18269.0,0,0.0629,0,0
362.73,29336.75,28974.02,0,0.0124,0,0
279.2,6979.08,6699.89,0,0.04,1,0
7565.17,20607.58,13042.41,0,0.3671,0,0
527.35,14239.01,13711.66,0,0.037,0,0
351.22,7853.55,7502.33,0,0.0447,1,0
1504.25,32660.32,31156.08,0,0.0461,0,0
184.54,14111.07,13926.53,0,0.0131,1,0
406.94,20492.04,20085.1,0,0.0199,0,0
30726.46,182097.67,151371.21,0,0.1687,0,0
1210.98,10767.91,9556.94,0,0.1125,0,0
2624.15,38156.98,35532.83,0,0.0688,0,0
3217.43,11582.58,8365.15,3,0.2778,0,1
4936.5,11539.58,6603.09,7,0.4278,0,1
13743.5,15128.74,1385.24,2,0.9084,0,1
1403.86,13753.69,12349.83,0,0.1021,0,0
7076.25,103495.94,96419.68,0,0.0684,0,0
4772.99,39229.38,34456.39,1,0.1217,0,0
263.22,6074.96,5811.74,0,0.0433,0,0
3880.89,14969.75,11088.86,0,0.2592,0,0
2016.26,19777.63,17761.37,0,0.1019,0,0
67858.75,104347.54,36488.79,5,0.6503,0,1
6029.41,25333.19,19303.78,0,0.238,0,0
514.3,21022.94,20508.63,0,0.0245,0,0
16344.75,18255.7,1910.94,4,0.8953,1,1
122.45,3748.1,3625.65,0,0.0327,0,0
473.93,2855.16,2381.23,0,0.166,0,0
3794.13,12672.71,8878.57,0,0.2994,0,0
71297.64,75694.11,4396.47,5,0.9419,1,1
72571.77,117799.11,45227.33,1,0.6161,1,1
5746.97,17262.82,11515.85,0,0.3329,0,0
614.3,34483.7,33869.39,0,0.0178,0,0
3067.41,21267.02,18199.61,0,0.1442,0,0
2303.23,37732.01,35428.79,0,0.061,0,0
2358.13,16430.56,14072.43,0,0.1435,0,0
6236.41,32128.87,25892.46,0,0.1941,0,0
402.61,5870.2,5467.59,0,0.0686,0,0
808.62,30326.7,29518.08,0,0.0267,0,0
9137.41,241719.99,232582.58,0,0.0378,0,0
8152.27,285463.59,277311.32,0,0.0286,0,0
23639.27,221880.91,198241.64,0,0.1065,0,0
875.45,3094.99,2219.54,0,0.2829,0,0
28993.65,299012.71,270019.06,0,0.097,0,0
4989.52,37589.67,32600.14,0,0.1327,0,0
1065.94,25180.28,24114.35,0,0.0423,0,0
227.51,4899.88,4672.37,0,0.0464,1,0
34082.27,228280.77,194198.5,0,0.1493,0,0
24194.22,71327.21,47132.98,0,0.3392,0,0
10735.75,85587.14,74851.39,0,0.1254,0,0
4429.64,28243.66,23814.03,1,0.1568,0,0
10402.77,13504.27,3101.5,2,0.7703,1,1
4072.64,34299.08,30226.44,0,0.1187,0,0
5635.68,25159.74,19524.06,0,0.224,1,0
15499.38,242723.92,227224.54,0,0.0639,0,0
1800.32,14504.33,12704.01,0,0.1241,0,0
20161.62,163512.41,143350.79,1,0.1233,0,0
22524.03,136756.87,114232.84,0,0.1647,0,0
28058.39,274048.37,245989.97,1,0.1024,0,0
4629.46,30544.73,25915.27,1,0.1516,0,0
208.42,11624.35,11415.93,0,0.0179,0,0
60.08,2566.59,2506.51,0,0.0234,0,0
1120.64,24985.38,23864.74,0,0.0449,0,0
14230.49,14874.22,643.72,4,0.9567,1,1
3030.54,22431.75,19401.21,0,0.1351,0,0
82385.74,105383.21,22997.46,5,0.7818,0,1
160.36,13510.8,13350.44,0,0.0119,0,0
668.39,9414.02,8745.63,1,0.071,0,0
415.15,31668.94,31253.79,2,0.0131,0,0
49740.14,50697.35,957.21,5,0.9811,1,1
10903.96,75652.68,64748.73,4,0.1441,1,1
34537.97,196083.9,161545.93,0,0.1761,0,0
2679.13,20806.14,18127.01,4,0.1288,0,1
672.82,25573.03,24900.21,0,0.0263,0,0
422.18,11728.8,11306.62,0,0.036,0,0
78.47,27529.99,27451.52,0,0.0029,0,0
664.33,7940.59,7276.27,0,0.0837,0,0
39704.75,226298.2,186593.44,0,0.1755,0,0
249.64,27555.43,27305.79,0,0.0091,0,0
5394.98,128416.52,123021.54,0,0.042,0,0
2460.27,6947.2,4486.93,0,0.3541,0,0
6115.32,27165.41,21050.08,0,0.2251,0,0
4306.84,29076.56,24769.72,0,0.1481,0,0
4862.36,30042.02,25179.67,0,0.1619,1,0
26870.88,28517.92,1647.04,2,0.9422,1,1
40193.51,157539.97,117346.46,0,0.2551,0,0
11465.95,89840.78,78374.82,0,0.1276,0,0
12435.93,13370.37,934.44,2,0.9301,0,1
4161.61,18271.59,14109.97,2,0.2278,0,0
22316.38,113039.56,90723.18,0,0.1974,0,0
1653.0,14189.05,12536.05,0,0.1165,0,0
90.25,4638.11,4547.86,0,0.0195,0,0
7250.53,106989.87,99739.34,0,0.0678,0,0
2335.65,30452.27,28116.61,0,0.0767,0,0
15806.05,82886.62,67080.57,0,0.1907,0,0
6134.74,34406.63,28271.89,0,0.1783,0,0
1036.15,11052.13,10015.99,0,0.0938,0,0
2012.48,9571.19,7558.71,0,0.2103,0,0
7777.88,36184.24,28406.36,0,0.215,0,0
6385.45,24453.13,18067.68,1,0.2611,1,0
4845.19,31229.1,26383.9,0,0.1551,0,0
23033.57,282136.44,259102.87,0,0.0816,0,0
2665.79,20184.08,17518.29,0,0.1321,0,0
9458.12,23314.42,13856.3,7,0.4057,0,1
30041.78,145895.54,115853.76,0,0.2059,0,0
7331.89,242818.25,235486.36,1,0.0302,0,0
11224.8,12239.72,1014.92,1,0.9171,0,1
6643.75,24575.98,17932.23,0,0.2703,0,0
15376.94,142036.16,126659.23,0,0.1083,0,0
525.47,8143.55,7618.08,0,0.0645,0,0
238.5,7747.38,7508.88,1,0.0308,0,0
151.33,9960.48,9809.14,0,0.0152,0,0
638.62,4038.12,3399.51,0,0.1581,0,0
23349.15,144757.06,121407.9,1,0.1613,0,0
34914.29,168599.96,133685.68,0,0.2071,0,0
6596.47,21112.44,14515.98,6,0.3124,0,1
544.9,5105.56,4560.66,0,0.1067,1,0
19986.13,62627.37,42641.24,0,0.3191,0,0
77960.4,82399.97,4439.58,2,0.9461,1,1
1201.94,21140.29,19938.35,0,0.0569,0,0
233.07,2982.69,2749.63,2,0.0781,0,0
2376.59,28523.64,26147.05,0,0.0833,0,0
4427.35,32708.13,28280.78,3,0.1354,1,1
10035.46,67463.41,57427.95,4,0.1488,1,1
1539.94,24211.23,22671.29,0,0.0636,0,0
443.44,14264.68,13821.24,0,0.0311,1,0
942.85,22778.48,21835.63,0,0.0414,0,0
11525.23,16408.8,4883.57,5,0.7024,0,1
52289.43,55046.06,2756.62,4,0.9499,0,1
2084.18,10936.47,8852.29,0,0.1906,0,0
7720.68,64833.08,57112.41,0,0.1191,0,0
3102.68,26548.39,23445.71,0,0.1169,0,0
1933.33,17611.02,15677.69,0,0.1098,0,0
144.53,2698.85,2554.32,0,0.0536,0,0
34282.48,274875.66,240593.18,0,0.1247,0,0
5825.13,25453.38,19628.25,1,0.2289,0,0
778.98,23985.87,23206.89,0,0.0325,0,0
7355.55,37276.11,29920.55,1,0.1973,0,0
1666.87,37841.44,36174.57,0,0.044,0,0
26860.57,80980.03,54119.46,0,0.3317,0,0
441.7,11302.4,10860.7,0,0.0391,0,0
29276.89,222990.92,193714.03,0,0.1313,0,0
4162.21,35077.42,30915.21,2,0.1187,0,0
3477.4,24514.75,21037.35,0,0.1418,0,0
3033.38,17834.57,14801.2,0,0.1701,0,0
17607.97,207796.54,190188.56,0,0.0847,0,0
3262.49,38957.59,35695.11,0,0.0837,0,0
5236.04,32154.02,26917.98,0,0.1628,0,0
4468.9,39777.3,35308.4,0,0.1123,0,0
3952.11,13620.5,9668.39,0,0.2902,0,0
2212.56,19066.69,16854.13,0,0.116,0,0
24681.52,74464.17,49782.65,0,0.3315,0,0
2702.03,16363.59,13661.56,0,0.1651,0,0
1464.17,35926.15,34461.97,0,0.0408,0,0
9267.46,233403.87,224136.41,0,0.0397,0,0
3632.08,14690.23,11058.15,0,0.2472,0,0
3923.06,15280.02,11356.96,0,0.2567,0,0
1663.28,10841.77,9178.49,0,0.1534,0,0
592.08,2833.2,2241.12,0,0.209,0,0
41864.57,155137.48,113272.91,0,0.2699,0,0
12979.03,283005.63,270026.61,0,0.0459,0,0
4880.5,16010.39,11129.89,0,0.3048,0,0
23880.3,138794.95,114914.65,0,0.1721,0,0
20300.82,93514.16,73213.34,0,0.2171,0,0
67838.38,73479.02,5640.64,5,0.9232,0,1
2248.57,22630.01,20381.44,0,0.0994,0,0
490.9,32938.8,32447.9,0,0.0149,0,0
79310.48,83668.78,4358.3,2,0.9479,0,1
2075.2,2161.39,86.19,4,0.9601,0,1
3856.19,38191.99,34335.79,0,0.101,0,0
17959.04,129155.88,111196.83,0,0.139,0,0
58618.4,78822.47,20204.07,5,0.7437,0,1
2009.68,11394.78,9385.1,0,0.1764,0,0
10878.51,198791.62,187913.11,0,0.0547,0,0
26552.77,163708.12,137155.35,0,0.1622,0,0
151.91,17763.14,17611.23,1,0.0086,0,0
19385.47,266404.02,247018.55,0,0.0728,0,0
3534.13,30042.14,26508.0,0,0.1176,0,0
25506.46,134697.13,109190.67,0,0.1894,0,0
33321.37,36387.43,3066.06,3,0.9157,1,1
1759.3,22809.41,21050.11,0,0.0771,0,0
17086.81,269200.54,252113.73,0,0.0635,0,0
32042.01,95965.18,63923.17,0,0.3339,0,0
14593.66,294305.18,279711.52,0,0.0496,0,0
20785.16,226501.9,205716.74,0,0.0918,0,0
978.47,5415.08,4436.61,0,0.1807,0,0
1047.23,27487.64,26440.41,1,0.0381,0,0
655.38,3389.5,2734.12,0,0.1934,0,0
3071.42,34047.72,30976.3,1,0.0902,0,0
12617.18,256872.14,244254.96,0,0.0491,0,0
4411.01,19374.76,14963.75,0,0.2277,0,0
285.47,7072.24,6786.77,0,0.0404,0,0
1718.1,30113.02,28394.92,0,0.0571,0,0
287.21,8809.95,8522.75,0,0.0326,1,0
34365.98,114523.09,80157.11,0,0.3001,0,0
8791.0,261038.62,252247.61,0,0.0337,0,0
13511.99,14085.34,573.35,3,0.9593,0,1
484.48,14394.47,13909.99,2,0.0337,0,0
7127.07,30199.52,23072.45,0,0.236,1,0
2005.6,21325.69,19320.09,0,0.094,0,0
1386.22,26263.99,24877.77,2,0.0528,0,0
2203.86,14772.92,12569.06,0,0.1492,0,0
1413.36,34114.59,32701.23,0,0.0414,0,0
3613.22,12907.45,9294.22,0,0.2799,0,0
1516.32,29183.43,27667.12,0,0.052,0,0
2474.95,18960.69,16485.74,1,0.1305,0,0
1647.79,29597.22,27949.43,0,0.0557,0,0
254.7,32619.03,32364.33,0,0.0078,0,0
1126.63,7194.16,6067.53,0,0.1566,1,0
578.44,26896.6,26318.16,0,0.0215,0,0
536.77,10947.91,10411.15,0,0.049,0,0
40934.76,43360.94,2426.18,1,0.944,0,1
1859.19,25526.36,23667.17,0,0.0728,0,0
35400.9,220629.66,185228.76,1,0.1605,0,0
476.84,17161.73,16684.89,0,0.0278,0,0
1301.46,26928.55,25627.09,0,0.0483,0,0
1301.4,35821.82,34520.42,0,0.0363,0,0
2976.59,20182.66,17206.08,0,0.1475,0,0
2946.59,11837.77,8891.18,0,0.2489,0,0
637.51,26280.59,25643.08,0,0.0243,0,0
156.55,31178.72,31022.16,0,0.005,0,0
1793.62,30833.02,29039.4,0,0.0582,0,0
980.56,14240.28,13259.71,0,0.0689,1,0
2127.5,37339.78,35212.27,1,0.057,0,0
2608.61,26304.87,23696.26,0,0.0992,0,0
1153.28,12949.78,11796.51,0,0.0891,0,0
14284.36,286966.53,272682.17,0,0.0498,0,0
65585.7,74869.71,9284.0,1,0.876,1,1
904.87,19192.22,18287.35,0,0.0471,0,0
2881.74,23923.92,21042.18,1,0.1205,0,0
895.41,20791.59,19896.18,0,0.0431,0,0
815.96,4029.83,3213.87,0,0.2025,0,0
605.56,39318.94,38713.38,0,0.0154,0,0
42748.06,277895.71,235147.65,1,0.1538,0,0
2079.1,13637.64,11558.54,0,0.1525,0,0
7146.53,7822.02,675.49,2,0.9136,1,1
2697.17,56903.33,54206.15,4,0.0474,0,1
1083.14,18365.37,17282.23,0,0.059,0,0
4069.94,38031.87,33961.93,0,0.107,0,0
2208.28,30253.31,28045.03,0,0.073,0,0
1055.25,24457.49,23402.25,2,0.0431,0,0
2738.12,38434.44,35696.32,0,0.0712,0,0
7986.8,24732.56,16745.76,1,0.3229,0,0
3369.65,15235.38,11865.73,0,0.2212,0,0
459.49,37515.0,37055.51,2,0.0122,0,0
520.85,14020.24,13499.39,0,0.0371,0,0
6630.88,37195.18,30564.3,0,0.1783,0,0
938.06,18071.85,17133.79,0,0.0519,0,0
18220.05,18877.73,657.68,2,0.9652,0,1
396.22,23428.94,23032.72,0,0.0169,0,0
3603.79,22255.05,18651.25,0,0.1619,0,0
56418.31,58998.02,2579.71,2,0.9563,0,1
964.82,29671.45,28706.62,7,0.0325,0,1
4540.95,37740.42,33199.47,0,0.1203,0,0
44900.23,140855.08,95954.86,1,0.3188,0,0
31194.23,130390.72,99196.49,0,0.2392,0,0
5272.74,35387.94,30115.2,1,0.149,0,0
732.29,3705.48,2973.19,0,0.1976,0,0
120.01,7332.78,7212.77,0,0.0164,0,0
1546.29,12047.36,10501.07,1,0.1284,0,0
26469.27,114120.74,87651.48,0,0.2319,0,0
1826.96,16319.75,14492.79,0,0.1119,0,0
189.31,4601.22,4411.91,0,0.0411,0,0
365.05,28392.6,28027.54,0,0.0129,0,0
2775.0,39088.53,36313.53,0,0.071,0,0
1552.68,14345.24,12792.57,0,0.1082,0,0
2798.15,36231.81,33433.66,0,0.0772,0,0
50898.21,53519.67,2621.46,1,0.951,0,1
2890.55,31153.15,28262.61,0,0.0928,0,0
1896.68,28145.73,26249.05,0,0.0674,0,0
31647.33,225955.0,194307.67,0,0.1401,0,0
2083.4,33484.15,31400.75,0,0.0622,0,0
3775.49,32632.25,28856.75,0,0.1157,0,0
155.64,2230.68,2075.04,0,0.0698,0,0
42437.35,193634.27,151196.92,0,0.2192,0,0
7839.94,28287.55,20447.61,2,0.2772,0,0
262.57,11001.88,10739.32,0,0.0239,0,0
4157.71,38307.03,34149.32,0,0.1085,0,0
1161.4,7010.38,5848.97,0,0.1657,0,0
2742.44,35416.94,32674.5,0,0.0774,0,0
1892.06,14892.75,13000.69,0,0.127,0,0
19.07,29022.22,29003.15,0,0.0007,0,0
8854.63,85417.39,76562.77,1,0.1037,0,0
791.53,24555.32,23763.78,2,0.0322,0,0
758.22,15787.49,15029.27,0,0.048,0,0
444.98,5892.67,5447.7,0,0.0755,1,0
6968.42,29667.97,22699.55,1,0.2349,0,0
9675.92,209817.12,200141.2,1,0.0461,0,0
84658.92,110886.91,26227.99,1,0.7635,1,1
19151.33,23745.21,4593.87,3,0.8065,1,1
620.14,9182.65,8562.5,0,0.0675,0,0
370.1,3557.84,3187.74,0,0.104,0,0
114.4,2363.27,2248.87,0,0.0484,1,0
2830.5,23965.52,21135.03,0,0.1181,0,0
542.2,10055.3,9513.1,1,0.0539,0,0
1125.6,7194.41,6068.82,0,0.1565,0,0
3892.58,27544.56,23651.98,0,0.1413,0,0
7498.3,274341.65,266843.35,0,0.0273,0,0
2773.2,14424.42,11651.22,0,0.1923,0,0
2260.47,29510.78,27250.31,0,0.0766,0,0
657.66,3595.0,2937.33,0,0.1829,0,0
36.72,5175.06,5138.34,1,0.0071,0,0
5187.2,14596.71,9409.51,0,0.3554,0,0
4918.51,35056.43,30137.91,0,0.1403,0,0
8958.32,29898.81,20940.49,5,0.2996,1,1
594.67,14934.71,14340.04,0,0.0398,0,0
887.51,13311.25,12423.74,0,0.0667,0,0
7069.88,7505.2,435.32,1,0.942,0,1
1305.95,39137.7,37831.75,0,0.0334,0,0
21330.67,185828.64,164497.97,0,0.1148,0,0
958.12,8593.93,7635.81,2,0.1115,0,0
41891.66,47266.86,5375.19,1,0.8863,0,1
5998.8,82434.94,76436.14,0,0.0728,0,0
912.98,12825.77,11912.79,0,0.0712,0,0
210.41,12440.31,12229.9,0,0.0169,0,0
548.79,37746.23,37197.44,1,0.0145,0,0
22798.67,271856.84,249058.18,0,0.0839,0,0
22617.65,260075.99,237458.34,0,0.087,0,0
398.61,4795.04,4396.44,0,0.0831,0,0
1569.04,38775.91,37206.87,0,0.0405,0,0
3227.95,16979.24,13751.28,0,0.1901,0,0
37339.62,169463.49,132123.88,0,0.2203,0,0
1224.07,17684.82,16460.74,0,0.0692,0,0
701.21,16946.19,16244.98,0,0.0414,0,0
62.67,6725.12,6662.45,0,0.0093,0,0
60.45,4554.48,4494.04,0,0.0133,0,0
209.07,10703.55,10494.48,0,0.0195,1,0
51482.94,56521.79,5038.85,2,0.9109,1,1
57763.63,105253.7,47490.07,4,0.5488,0,1
308.61,28163.46,27854.85,0,0.011,0,0
57.33,10729.22,10671.89,0,0.0053,0,0
12078.41,12720.18,641.77,4,0.9495,0,1
4864.49,27888.72,23024.23,0,0.1744,0,0
230.94,13350.63,13119.69,0,0.0173,0,0
919.49,36076.37,35156.88,0,0.0255,0,0
9760.55,21225.46,11464.91,4,0.4599,0,1
4265.45,24262.8,19997.35,1,0.1758,0,0
73.22,10740.34,10667.11,0,0.0068,0,0
938.38,23040.41,22102.03,0,0.0407,0,0
67082.74,75626.42,8543.68,2,0.887,0,1
1498.52,28824.45,27325.93,0,0.052,0,0
738.91,26110.3,25371.39,0,0.0283,0,0
22550.49,275328.99,252778.5,0,0.0819,0,0
28165.38,99115.22,70949.84,0,0.2842,0,0
2121.16,14030.66,11909.5,2,0.1512,0,0
1917.9,1972.28,65.25,4,0.9724,0,1
24508.42,119039.94,94531.52,0,0.2059,0,0
6469.13,240210.67,233741.54,0,0.0269,0,0
94.54,2886.87,2792.33,0,0.0327,0,0
1459.28,38062.18,36602.9,0,0.0383,0,0
1617.61,14075.85,12458.23,0,0.1149,0,0
9081.34,52252.92,43171.57,5,0.1738,0,1
293.46,7884.02,7590.56,0,0.0372,0,0
10833.19,12129.59,1296.4,3,0.8931,1,1
2313.4,38922.72,36609.31,0,0.0594,0,0
76509.14,99383.89,22874.74,5,0.7698,0,1
55.66,16498.48,16442.82,2,0.0034,1,0
515.6,9012.33,8496.74,0,0.0572,0,0
2534.12,18110.33,15576.21,0,0.1399,0,0
38780.4,224303.05,185522.66,0,0.1729,0,0
6738.06,36877.43,30139.37,1,0.1827,0,0
122.79,38351.36,38228.57,0,0.0032,0,0
1358.65,9916.42,8557.77,0,0.137,0,0
19.16,4013.19,3994.03,0,0.0048,0,0
1749.47,11715.32,9965.84,0,0.1493,0,0
41966.22,239960.69,197994.47,0,0.1749,0,0
331.11,23786.38,23455.27,0,0.0139,0,0
336.86,2631.62,2294.77,0,0.128,1,0
4643.13,15332.22,10689.08,0,0.3028,0,0
23572.19,25131.37,1559.18,4,0.938,0,1
33770.86,292671.25,258900.39,0,0.1154,0,0
2945.25,17561.7,14616.45,0,0.1677,0,0
24110.98,26328.94,2217.96,2,0.9158,0,1
2563.02,34757.62,32194.6,0,0.0737,0,0
539.02,33933.74,33394.72,0,0.0159,0,0
7596.92,25639.29,18042.37,0,0.2963,1,0
94.12,8359.66,8265.54,0,0.0113,1,0
322.93,6314.31,5991.38,0,0.0511,1,0
457.2,39471.74,39014.54,0,0.0116,0,0
7999.21,23981.9,15982.69,1,0.3336,0,0
1030.54,32556.15,31525.61,0,0.0317,0,0
248.6,4855.43,4606.84,0,0.0512,0,0
1066.31,36246.51,35180.2,1,0.0294,0,0
46650.12,50204.37,3554.25,1,0.9292,1,1
19343.25,28625.37,9282.12,2,0.6757,1,1
1562.02,16082.85,14520.83,0,0.0971,0,0
546.24,7554.28,7008.05,0,0.0723,0,0
452.67,21691.82,21239.15,1,0.0209,1,0
2077.73,6007.69,3929.96,0,0.3458,0,0
27478.85,31072.74,3593.9,3,0.8843,1,1
5526.75,20074.89,14548.14,1,0.2753,0,0
1360.14,16750.3,15390.15,0,0.0812,0,0
3181.8,11240.54,8058.75,0,0.2831,0,0
9154.15,65193.44,56039.29,0,0.1404,0,0
50349.08,55180.65,4831.56,4,0.9124,1,1
1055.43,7800.81,6745.38,0,0.1353,0,0
1383.25,13110.44,11727.2,0,0.1055,1,0
726.5,15610.18,14883.69,0,0.0465,0,0
3007.25,20379.86,17372.6,0,0.1476,0,0
428.33,9470.34,9042.02,0,0.0452,1,0
4372.93,24749.04,20376.11,0,0.1767,0,0
3253.05,28589.1,25336.04,0,0.1138,1,0
3152.74,3232.64,79.91,2,0.9753,1,1
20897.09,28480.15,7583.06,3,0.7337,1,1
28056.22,150767.12,122710.9,0,0.1861,0,0
25753.52,268775.13,243021.6,0,0.0958,0,0
37477.69,244007.48,206529.79,0,0.1536,0,0
1904.83,32709.97,30805.13,0,0.0582,0,0
731.74,6899.62,6167.88,1,0.1061,0,0
60050.54,90812.18,30761.64,1,0.6613,0,1
3478.62,39775.89,36297.27,2,0.0875,0,0
1763.32,36190.87,34427.55,1,0.0487,0,0
1436.9,11099.66,9662.76,0,0.1295,0,0
1172.75,8693.85,7521.1,1,0.1349,0,0
8495.08,228159.41,219664.33,0,0.0372,0,0
21563.09,124999.71,103436.62,0,0.1725,0,0
36188.79,110042.52,73853.73,0,0.3289,0,0
25349.27,27480.09,2130.82,1,0.9225,0,1
1039.56,29535.99,28496.44,1,0.0352,0,0
1044.26,22597.34,21553.09,0,0.0462,0,0
65.31,14819.13,14753.82,0,0.0044,0,0
11955.81,298777.88,286822.07,0,0.04,0,0
3923.59,25835.82,21912.22,0,0.1519,0,0
2388.25,32502.5,30114.25,0,0.0735,0,0
814.23,7258.12,6443.89,0,0.1122,0,0
250.27,5386.73,5136.46,0,0.0465,0,0
5791.8,34602.17,28810.37,0,0.1674,0,0
545.74,15803.35,15257.61,1,0.0345,0,0
627.67,35824.38,35196.71,0,0.0175,0,0
17096.4,19333.45,2237.05,3,0.8843,1,1
777.39,3822.39,3045.0,0,0.2034,0,0
267.44,12914.41,12646.97,0,0.0207,0,0
1571.76,17751.79,16180.03,0,0.0885,0,0
34089.91,35496.32,1406.41,2,0.9604,0,1
17217.5,249908.36,232690.86,1,0.0689,0,0
3443.3,27804.63,24361.32,1,0.1238,0,0
8834.55,37884.66,29050.11,4,0.2332,1,1
511.08,17729.19,17218.11,0,0.0288,0,0
263.42,20843.28,20579.86,0,0.0126,0,0
683.52,8285.23,7601.72,0,0.0825,0,0
70.95,21567.67,21496.72,0,0.0033,0,0
1589.66,15196.96,13607.29,0,0.1046,0,0
257.86,3299.43,3041.56,0,0.0782,0,0
1726.39,18377.36,16650.96,0,0.0939,0,0
1652.6,19562.07,17909.47,0,0.0845,0,0
456.62,3404.57,2947.95,0,0.1341,1,0
29320.04,116864.0,87543.96,0,0.2509,0,0
1617.1,12970.36,11353.27,0,0.1247,0,0
42966.12,287790.64,244824.52,1,0.1493,0,0
7865.98,21342.08,13476.1,0,0.3686,0,0
2539.2,37506.23,34967.03,0,0.0677,0,0
336.33,10636.25,10299.91,0,0.0316,0,0
12455.22,114739.15,102283.92,0,0.1086,0,0
194.12,4093.74,3899.62,0,0.0474,1,0
449.67,16137.66,15687.98,0,0.0279,0,0
6350.04,22991.6,16641.55,0,0.2762,0,0
59.36,2352.14,2292.78,0,0.0252,1,0
42744.31,188358.74,145614.43,0,0.2269,0,0
1374.49,26004.51,24630.02,0,0.0529,0,0
7557.74,28319.79,20762.04,0,0.2669,0,0
18815.87,298062.39,279246.52,0,0.0631,0,0
182.14,11100.88,10918.74,0,0.0164,0,0
52791.11,76944.44,24153.33,2,0.6861,0,1
35280.68,35888.94,608.26,3,0.9831,1,1
904.44,26353.24,25448.8,1,0.0343,0,0
3512.7,30287.93,26775.23,1,0.116,0,0
319.98,5786.21,5466.23,0,0.0553,1,0
3317.95,61869.53,58551.58,6,0.0536,1,1
44440.04,287339.66,242899.62,0,0.1547,0,0
4559.23,38016.59,33457.36,1,0.1199,0,0
3269.56,34891.93,31622.37,0,0.0937,0,0
50605.15,53137.87,2532.72,5,0.9523,0,1
16934.12,62740.32,45806.19,1,0.2699,0,0
19994.46,149508.22,129513.76,0,0.1337,0,0
1144.78,23257.76,22112.98,2,0.0492,0,0
933.65,18494.9,17561.25,0,0.0505,0,0
20433.31,21252.86,819.55,2,0.9614,0,1
32571.36,129467.81,96896.44,0,0.2516,0,0
130.82,4699.33,4568.51,0,0.0278,0,0
29245.81,88474.5,59228.69,0,0.3306,0,0
2349.64,10722.25,8372.61,0,0.2191,0,0
17204.28,65919.29,48715.01,1,0.261,0,0
3169.89,14367.82,11197.93,0,0.2206,1,0
1709.47,6065.67,4356.2,0,0.2818,0,0
20801.54,124240.42,103438.88,0,0.1674,0,0
3896.47,30719.48,26823.01,0,0.1268,0,0
86.5,2274.17,2187.66,0,0.038,1,0
601.76,7111.08,6509.32,0,0.0846,0,0
9535.93,162583.46,153047.52,0,0.0587,0,0
1411.09,25037.61,23626.53,0,0.0564,0,0
12111.93,216212.04,204100.1,0,0.056,0,0
5443.02,29648.01,24204.99,1,0.1836,0,0
2393.45,32689.17,30295.72,0,0.0732,0,0
372.38,6313.95,5941.57,0,0.059,1,0
736.6,24496.11,23759.51,0,0.0301,0,0
92.71,29427.27,29334.56,0,0.0032,0,0
2438.3,33260.83,30822.54,0,0.0733,0,0
1034.69,5471.75,4437.06,0,0.1891,0,0
36558.33,175474.65,138916.31,0,0.2083,0,0
24735.24,24938.61,203.37,3,0.9918,0,1
7664.88,156516.11,148851.23,0,0.049,0,0
3690.98,27783.0,24092.02,1,0.1329,0,0
565.81,9600.4,9034.59,0,0.0589,0,0
702.34,39430.37,38728.03,1,0.0178,0,0
5155.27,35065.43,29910.17,0,0.147,0,0
42.83,5987.69,5944.85,0,0.0072,0,0
724.82,6169.98,5445.15,0,0.1175,0,0
486.27,13975.25,13488.97,0,0.0348,1,0
7807.51,35999.14,28191.63,1,0.2169,0,0
6385.44,7255.05,869.61,4,0.8801,1,1
135.38,4902.95,4767.56,0,0.0276,0,0
32642.33,120699.5,88057.17,0,0.2704,0,0
93413.57,100191.22,6777.65,5,0.9324,1,1
10328.74,225334.35,215005.6,0,0.0458,0,0
18591.03,98417.19,79826.16,0,0.1889,0,0
4039.27,33508.91,29469.63,0,0.1205,0,0
1903.29,21721.01,19817.72,0,0.0876,1,0
3490.57,24649.9,21159.34,1,0.1416,0,0
5049.74,240118.65,235068.91,0,0.021,0,0
4735.66,12582.7,7847.03,0,0.3764,0,0
19646.14,179462.15,159816.01,0,0.1095,0,0
6838.6,17898.02,11059.42,0,0.3821,0,0
34920.15,151459.38,116539.24,0,0.2306,0,0
249.59,20719.75,20470.17,0,0.012,0,0
1477.34,22767.07,21289.73,0,0.0649,0,0
37513.58,116564.91,79051.32,0,0.3218,0,0
69701.82,105214.59,35512.76,2,0.6625,1,1
828.53,22448.02,21619.48,0,0.0369,0,0
7422.19,39290.48,31868.28,0,0.1889,1,0
414.61,6237.46,5822.86,0,0.0665,0,0
23551.5,253946.48,230394.98,0,0.0927,0,0
345.06,10992.9,10647.84,0,0.0314,0,0
1366.44,24113.86,22747.42,0,0.0567,0,0
2269.15,31119.55,28850.41,0,0.0729,0,0
3056.82,19576.29,16519.47,0,0.1561,1,0
542.33,3524.43,2982.1,0,0.1539,0,0
1904.74,5084.06,3179.31,0,0.3747,0,0
818.78,29223.09,28404.31,0,0.028,0,0
10428.81,11403.13,974.32,2,0.9146,0,1
1000.89,7531.57,6530.69,0,0.1329,0,0
373.86,2246.6,1872.74,0,0.1664,0,0
6749.81,65786.19,59036.38,4,0.1026,1,1
3421.2,12308.21,8887.0,0,0.278,0,0
565.42,29855.79,29290.37,0,0.0189,1,0
241.3,4990.55,4749.25,0,0.0484,0,0
22480.32,105445.49,82965.17,0,0.2132,0,0
18.57,7244.56,7225.98,0,0.0026,0,0
4141.63,32224.56,28082.94,1,0.1285,0,0
2815.74,17775.53,14959.8,0,0.1584,0,0
438.74,4551.37,4112.63,0,0.0964,1,0
804.2,19759.63,18955.43,0,0.0407,0,0
739.76,26408.37,25668.61,0,0.028,0,0
3350.4,26736.93,23386.52,0,0.1253,0,0
665.59,11856.16,11190.57,0,0.0561,0,0
22076.08,146490.75,124414.67,1,0.1507,0,0
52022.97,115208.6,63185.63,4,0.4516,0,1
1722.35,8779.13,7056.79,0,0.1962,0,0
4178.77,30229.5,26050.73,0,0.1382,0,0
1022.13,15326.69,14304.56,0,0.0667,0,0
1164.83,14774.28,13609.45,0,0.0788,0,0
32880.97,221043.12,188162.15,0,0.1488,0,0
60405.65,64097.48,3691.83,1,0.9424,0,1
13539.93,20415.17,6875.24,3,0.6632,1,1
490.61,12333.75,11843.14,0,0.0398,0,0
10919.74,248685.74,237766.0,0,0.0439,0,0
295.36,3336.05,3040.69,0,0.0885,0,0
2361.18,16515.24,14154.06,1,0.143,0,0
3830.9,36498.93,32668.03,0,0.105,0,0
5515.71,35083.7,29567.99,0,0.1572,0,0
11999.73,12947.82,948.09,1,0.9268,0,1
498.9,16456.89,15957.99,0,0.0303,0,0
84649.44,94302.01,9652.57,1,0.8976,0,1
23035.43,32947.21,9911.78,3,0.6992,1,1
22557.06,24308.75,1751.69,1,0.9279,0,1
6322.61,21640.62,15318.01,1,0.2922,0,0
52384.39,76096.96,23712.57,1,0.6884,0,1
1546.34,14553.59,13007.25,0,0.1063,0,0
32246.38,36075.13,3828.75,3,0.8939,0,1
18140.36,276418.0,258277.64,1,0.0656,0,0
6441.5,133630.63,127189.13,1,0.0482,0,0
31258.82,248870.32,217611.51,0,0.1256,0,0
1904.61,5646.42,3741.82,0,0.3373,0,0
914.29,12795.96,11881.67,0,0.0715,0,0
819.22,19044.62,18225.4,0,0.043,0,0
2216.67,34384.92,32168.25,0,0.0645,0,0
617.95,7887.33,7269.38,0,0.0783,0,0
1707.77,33242.84,31535.06,0,0.0514,0,0
1671.72,28822.04,27150.32,0,0.058,0,0
202.17,4585.42,4383.25,0,0.0441,0,0
1421.93,21072.13,19650.2,0,0.0675,0,0
2595.19,34808.69,32213.5,0,0.0746,1,0
5003.23,29106.23,24102.99,0,0.1719,0,0
4921.67,28714.72,23793.05,1,0.1714,0,0
21140.8,259665.97,238525.17,0,0.0814,0,0
4937.9,77053.37,72115.47,7,0.0641,1,1
3117.83,34155.37,31037.53,0,0.0913,0,0
60548.97,64728.12,4179.15,1,0.9354,1,1
2225.75,17113.81,14888.06,1,0.1301,0,0
820.97,5046.84,4225.87,0,0.1627,0,0
7006.32,23732.16,16725.84,1,0.2952,0,0
42782.53,200676.08,157893.55,0,0.2132,0,0
456.58,32292.38,31835.8,0,0.0141,0,0
3103.54,9110.12,6006.58,0,0.3407,0,0
901.98,6402.41,5500.43,0,0.1409,0,0
37175.79,39555.52,2379.74,1,0.9398,1,1
1963.98,31901.07,29937.09,0,0.0616,0,0
362.75,9290.04,8927.29,0,0.039,1,0
20911.11,26527.0,5615.89,2,0.7883,1,1
407.76,7676.5,7268.74,1,0.0531,0,0
1220.6,16610.76,15390.16,0,0.0735,0,0
1473.05,29133.85,27660.8,0,0.0506,0,0
1136.93,32268.6,31131.67,0,0.0352,0,0
1875.18,35667.15,33791.97,0,0.0526,0,0
560.07,30205.62,29645.55,1,0.0185,0,0
589.04,7840.26,7251.22,1,0.0751,0,0
35370.78,257898.21,222527.43,0,0.1372,0,0
25376.07,181422.3,156046.23,0,0.1399,0,0
666.16,10991.16,10325.0,0,0.0606,0,0
30488.06,170754.59,140266.53,0,0.1785,0,0
240.7,20728.46,20487.76,0,0.0116,0,0
1144.46,16497.78,15353.32,0,0.0694,0,0
77.69,10790.48,10712.79,0,0.0072,0,0
6630.33,71719.82,65089.48,4,0.0924,0,1
36557.3,135203.5,98646.2,0,0.2704,0,0
869.11,40774.36,39905.25,4,0.0213,1,1
262.72,3394.9,3132.18,0,0.0774,0,0
2805.85,37996.8,35190.96,0,0.0738,0,0
55.7,8252.06,8196.36,0,0.0067,1,0
1744.75,26516.57,24771.82,0,0.0658,1,0
1747.0,26500.32,24753.32,0,0.0659,0,0
54514.49,70038.91,15524.43,4,0.7783,0,1
559.05,33519.48,32960.43,0,0.0167,0,0
237.53,29058.74,28821.21,1,0.0082,0,0
69.17,19880.58,19811.4,0,0.0035,0,0
8106.63,170265.3,162158.66,1,0.0476,0,0
76127.47,84531.19,8403.72,2,0.9006,1,1
1229.54,15214.04,13984.5,0,0.0808,0,0
16436.48,19721.09,3284.61,2,0.8334,1,1
194.42,4427.36,4232.94,0,0.0439,1,0
9958.23,35319.2,25360.97,7,0.2819,0,1
16217.88,109700.36,93482.47,0,0.1478,0,0
25705.19,186674.91,160969.71,0,0.1377,0,0
7495.78,11297.29,3801.51,3,0.6635,0,1
1447.68,12186.42,10738.74,0,0.1188,0,0
1211.58,33037.62,31826.04,1,0.0367,0,0
3501.42,36760.36,33258.93,7,0.0952,1,1
17944.52,291034.0,273089.48,0,0.0617,0,0
6373.82,37339.42,30965.6,0,0.1707,0,0
1539.45,5958.49,4419.03,0,0.2584,0,0
3191.96,39983.19,36791.24,0,0.0798,0,0
1626.18,35276.58,33650.39,1,0.0461,0,0
3782.76,39532.57,35749.81,0,0.0957,1,0
299.79,6165.87,5866.08,0,0.0486,1,0
2321.3,23826.05,21504.75,0,0.0974,0,0
935.45,16274.65,15339.2,1,0.0575,0,0
31697.12,293036.17,261339.05,1,0.1082,0,0
34710.89,38288.75,3577.86,4,0.9066,1,1
297.1,10216.85,9919.75,0,0.0291,0,0
295.88,23817.91,23522.03,0,0.0124,0,0
32377.96,187075.89,154697.93,0,0.1731,0,0
4451.6,39163.75,34712.15,0,0.1137,0,0
2384.48,15218.58,12834.1,0,0.1567,0,0
6041.7,36905.79,30864.09,0,0.1637,1,0
3509.99,25544.39,22034.41,0,0.1374,0,0
2878.12,19799.56,16921.45,1,0.1454,0,0
243.33,23213.87,22970.54,0,0.0105,0,0
1320.71,36320.99,35000.27,1,0.0364,0,0
6842.38,55749.08,48906.7,7,0.1227,0,1
304.74,22031.87,21727.13,1,0.0138,0,0
423.25,13460.3,13037.05,0,0.0314,0,0
925.57,9089.43,8163.86,0,0.1018,0,0
1030.93,8868.13,7837.2,0,0.1163,0,0
1176.77,33542.78,32366.01,0,0.0351,0,0
24740.37,255318.99,230578.62,0,0.0969,0,0
1336.7,35205.15,33868.45,0,0.038,0,0
110.2,12494.45,12384.25,0,0.0088,1,0
5363.93,282286.32,276922.39,0,0.019,0,0
477.18,4937.64,4460.46,0,0.0966,1,0
725.47,29270.53,28545.06,1,0.0248,0,0
2865.51,35322.92,32457.4,0,0.0811,0,0
9280.0,237506.4,228226.4,0,0.0391,0,0
2496.35,6823.57,4327.22,0,0.3658,0,0
6208.47,19458.98,13250.5,1,0.3191,0,0
6781.39,38988.54,32207.15,0,0.1739,0,0
10746.18,94605.47,83859.29,0,0.1136,0,0
7913.17,28691.15,20777.99,0,0.2758,0,0
31758.07,214016.89,182258.83,0,0.1484,0,0
3596.75,16824.3,13227.55,0,0.2138,0,0
323.67,9271.1,8947.43,0,0.0349,0,0
3433.32,39997.14,36563.82,0,0.0858,0,0
5487.97,27149.22,21661.25,0,0.2021,0,0
31676.98,95706.32,64029.34,0,0.331,0,0
3217.33,31213.04,27995.7,0,0.1031,0,0
2557.23,19977.83,17420.6,0,0.128,0,0
44271.18,251724.11,207452.93,0,0.1759,0,0
3304.49,30351.09,27046.6,0,0.1089,0,0
23504.77,176729.3,153224.53,0,0.133,0,0
349.81,3774.02,3424.21,0,0.0927,0,0
750.3,35469.34,34719.04,0,0.0212,0,0
913.34,33729.0,32815.67,0,0.0271,0,0
416.9,6254.97,5838.08,1,0.0667,0,0
4929.54,25856.87,20927.33,0,0.1906,0,0
556.37,24822.74,24266.36,0,0.0224,0,0
7050.54,154812.8,147762.26,0,0.0455,0,0
495.3,3310.52,2815.22,0,0.1496,1,0
8731.5,260932.59,252201.1,0,0.0335,0,0
135.01,3932.45,3797.45,0,0.0343,0,0
1761.09,16662.5,14901.41,0,0.1057,0,0
942.04,4840.34,3898.31,0,0.1946,1,0
1368.91,26454.98,25086.08,0,0.0517,0,0
2535.22,12896.11,10360.89,0,0.1966,1,0
6572.27,33304.03,26731.77,0,0.1973,0,0
7149.27,39981.2,32831.93,0,0.1788,0,0
518.87,36081.37,35562.5,0,0.0144,0,0
666.87,5467.52,4800.65,0,0.122,0,0
427.4,7376.69,6949.29,0,0.0579,1,0
78.85,12906.01,12827.16,2,0.0061,0,0
9396.05,22668.12,13272.06,5,0.4145,1,1
1198.32,18483.81,17285.49,1,0.0648,0,0
7146.31,37211.61,30065.3,2,0.192,0,0
1198.79,26996.26,25797.46,0,0.0444,0,0
19540.64,26573.29,7032.65,2,0.7353,1,1
11991.68,12856.44,864.75,2,0.9327,0,1
153.26,34675.24,34521.98,0,0.0044,1,0
57512.67,62396.53,4883.86,2,0.9217,1,1
1727.96,5072.18,3344.22,0,0.3407,0,0
5809.28,37778.54,31969.26,0,0.1538,0,0
1867.41,32115.06,30247.65,0,0.0581,0,0
807.41,34424.82,33617.41,0,0.0235,0,0
9100.55,59338.98,50238.43,5,0.1534,1,1
133.85,11003.11,10869.26,0,0.0122,0,0
3024.95,36750.05,33725.11,0,0.0823,0,0
715.05,6751.2,6036.15,0,0.1059,0,0
961.05,29807.49,28846.44,0,0.0322,0,0
4275.54,23669.1,19393.56,0,0.1806,0,0
4191.68,32953.84,28762.16,0,0.1272,0,0
31793.7,296044.87,264251.17,0,0.1074,0,0
1226.38,26294.87,25068.5,0,0.0466,0,0
79752.48,103251.0,23498.51,2,0.7724,0,1
601.94,29467.89,28865.95,0,0.0204,1,0
6210.54,26583.7,20373.16,0,0.2336,1,0
7035.44,21447.66,14412.22,1,0.328,0,0
7245.9,20420.17,13174.28,2,0.3548,0,0
3313.58,73322.24,70008.66,3,0.0452,0,1
36587.98,241371.39,204783.41,0,0.1516,0,0
1490.16,5740.12,4249.96,0,0.2596,0,0
25540.71,284679.13,259138.42,1,0.0897,0,0
53.97,12937.7,12883.73,0,0.0042,0,0
23722.62,209884.32,186161.71,0,0.113,0,0
51425.81,72308.32,20882.51,5,0.7112,0,1
2601.71,16866.29,14264.58,1,0.1543,0,0
3350.09,10777.21,7427.12,0,0.3108,0,0
13081.45,117189.52,104108.07,0,0.1116,0,0
2535.68,30065.17,27529.48,0,0.0843,0,0
16174.04,68109.4,51935.35,0,0.2375,0,0
2618.67,23179.11,20560.44,0,0.113,0,0
5384.04,13612.96,8228.92,0,0.3955,0,0
32571.37,35290.24,2718.87,2,0.923,1,1
2231.09,28940.26,26709.17,0,0.0771,0,0
1156.55,7325.94,6169.4,0,0.1579,0,0
464.83,15801.19,15336.36,0,0.0294,0,0
703.34,11783.68,11080.34,0,0.0597,0,0
10634.39,83651.24,73016.86,0,0.1271,0,0
6431.2,6609.7,178.51,1,0.973,1,1
15605.96,237254.28,221648.32,0,0.0658,0,0
81700.79,111232.62,29531.84,4,0.7345,0,1
20023.32,141118.84,121095.52,0,0.1419,0,0
38261.81,140163.52,101901.71,0,0.273,0,0
517.39,15349.93,14832.54,0,0.0337,0,0
1836.92,31411.26,29574.35,0,0.0585,0,0
1088.58,36588.63,35500.06,0,0.0298,0,0
26017.28,262854.13,236836.85,0,0.099,0,0
17208.58,179908.42,162699.84,1,0.0957,0,0
402.67,10704.37,10301.7,0,0.0376,1,0
67.88,5036.77,4968.89,0,0.0135,0,0
47011.86,47596.1,584.23,2,0.9877,0,1
2592.67,31018.01,28425.34,0,0.0836,0,0
7234.09,30917.0,23682.9,0,0.234,0,0
13808.76,14194.53,385.77,3,0.9728,1,1
47.04,14932.55,14885.51,0,0.0032,1,0
35.99,22290.76,22254.77,0,0.0016,0,0
2063.41,39443.1,37379.69,0,0.0523,0,0
407.13,7132.67,6725.54,1,0.0571,0,0
31565.03,129479.49,97914.46,0,0.2438,0,0
2007.68,35228.67,33221.0,1,0.057,0,0
17530.03,178972.08,161442.05,0,0.0979,0,0
132.49,18288.53,18156.04,0,0.0072,0,0
33386.85,170485.29,137098.44,1,0.1958,0,0
196.72,12657.29,12460.57,0,0.0155,0,0
3214.58,38474.05,35259.47,0,0.0836,0,0
79.22,2363.21,2283.99,0,0.0335,1,0
7546.53,151355.08,143808.54,0,0.0499,0,0
64129.19,68148.25,4019.06,5,0.941,0,1
1444.53,4012.97,2568.44,0,0.36,0,0
237.14,12641.49,12404.35,0,0.0188,1,0
468.88,30908.85,30439.98,0,0.0152,0,0
2317.92,33414.88,31096.96,1,0.0694,0,0
2825.01,30097.88,27272.87,0,0.0939,0,0
1176.17,3504.63,2328.46,0,0.3356,0,0
7456.24,22559.15,15102.91,0,0.3305,0,0
3484.65,53667.5,50182.85,4,0.0649,0,1
9051.14,10855.92,1804.78,2,0.8338,1,1
1127.82,28145.16,27017.34,1,0.0401,1,0
73404.19,97075.73,23671.54,1,0.7562,0,1
213.71,5273.16,5059.45,0,0.0405,0,0
51287.89,54731.24,3443.35,1,0.9371,0,1
1731.47,28712.7,26981.22,0,0.0603,0,0
1836.38,31643.19,29806.81,1,0.058,0,0
2780.71,32486.98,29706.26,0,0.0856,1,0
18964.17,94812.15,75847.98,1,0.2,0,0
38059.97,170491.41,132431.44,0,0.2232,0,0
26807.63,260604.32,233796.68,0,0.1029,0,0
1353.06,27224.08,25871.02,0,0.0497,0,0
665.5,27717.13,27051.63,0,0.024,0,0
28728.86,220273.12,191544.26,0,0.1304,0,0
344.87,14085.51,13740.63,0,0.0245,0,0
1022.52,4073.49,3050.97,0,0.251,0,0
1605.19,37470.72,35865.53,0,0.0428,0,0
14845.97,15495.03,649.06,3,0.9581,1,1
428.65,3533.68,3105.03,0,0.1213,1,0
3407.32,5013.99,1606.67,2,0.6796,1,1
23939.22,83943.12,60003.9,0,0.2852,0,0
6201.04,299337.1,293136.06,0,0.0207,0,0
6249.15,22215.56,15966.41,0,0.2813,0,0
963.48,31709.51,30746.03,0,0.0304,0,0
39691.36,289540.71,249849.35,0,0.1371,0,0
1899.01,18560.74,16661.73,5,0.1023,1,1
5291.74,28802.74,23511.0,0,0.1837,0,0
262.1,10440.1,10177.99,1,0.0251,0,0
1572.26,24260.72,22688.46,0,0.0648,0,0
11775.59,69195.7,57420.11,5,0.1702,1,1
3190.17,34188.7,30998.53,0,0.0933,0,0
50.26,8548.16,8497.9,0,0.0059,0,0
2249.83,9995.98,7746.14,0,0.2251,0,0
22.71,34660.75,34638.04,0,0.0007,0,0
3576.8,22191.48,18614.68,0,0.1612,1,0
3685.9,29735.79,26049.88,0,0.124,0,0
1614.59,13397.8,11783.21,0,0.1205,0,0
66.65,3735.68,3669.02,0,0.0178,0,0
6726.2,19455.15,12728.95,0,0.3457,0,0
5897.2,19028.89,13131.69,0,0.3099,0,0
1298.0,33077.7,31779.7,0,0.0392,0,0
4071.06,13309.23,9238.17,0,0.3059,0,0
5761.72,20269.69,14507.97,0,0.2843,0,0
2466.25,31457.25,28991.0,0,0.0784,0,0
36009.76,185936.55,149926.79,0,0.1937,0,0
645.39,31492.94,30847.55,0,0.0205,0,0
63.42,7369.88,7306.47,0,0.0086,0,0
285.18,34003.36,33718.19,0,0.0084,0,0
202.54,10650.77,10448.23,0,0.019,1,0
5111.63,37392.43,32280.8,0,0.1367,0,0
224.88,25304.88,25080.0,0,0.0089,0,0
796.97,2898.87,2101.9,0,0.2749,0,0
1008.17,33786.1,32777.94,0,0.0298,0,0
19928.29,175232.39,155304.09,0,0.1137,0,0
889.95,31356.0,30466.06,1,0.0284,0,0
1915.88,13714.15,11798.26,1,0.1397,0,0
1209.54,19730.53,18520.99,0,0.0613,0,0
312.2,4071.86,3759.66,0,0.0767,0,0
1703.92,18271.66,16567.74,1,0.0933,0,0
1009.57,28925.34,27915.76,0,0.0349,0,0
237.0,9589.21,9352.21,0,0.0247,1,0
94.83,7791.46,7696.64,0,0.0122,0,0
5608.31,39869.33,34261.02,0,0.1407,0,0
25970.16,86520.32,60550.16,0,0.3002,0,0
1382.62,12400.43,11017.81,0,0.1115,1,0
110.86,30516.37,30405.51,0,0.0036,0,0
564.02,16799.14,16235.13,0,0.0336,0,0
1260.99,4764.99,3504.01,0,0.2646,0,0
188.27,28503.53,28315.26,1,0.0066,0,0
1044.05,13172.13,12128.08,0,0.0793,0,0
3035.42,14723.46,11688.03,0,0.2062,1,0
34234.07,243658.4,209424.33,0,0.1405,0,0
629.26,9151.6,8522.34,1,0.0688,0,0
2725.01,14182.57,11457.56,0,0.1921,0,0
84.4,9741.5,9657.1,0,0.0087,1,0
397.4,2451.68,2054.28,0,0.1621,0,0
831.66,11960.29,11128.63,0,0.0695,0,0
3832.5,38951.45,35118.95,0,0.0984,0,0
632.3,8858.35,8226.05,0,0.0714,0,0
1678.26,38384.64,36706.38,0,0.0437,0,0
10885.42,11321.49,436.06,4,0.9615,1,1
2372.41,29926.77,27554.35,0,0.0793,0,0
668.82,23693.34,23024.53,0,0.0282,0,0
1917.53,35320.22,33402.69,1,0.0543,0,0
22049.41,23446.27,1396.86,2,0.9404,1,1
11466.83,55809.39,44342.56,6,0.2055,1,1
5176.56,33704.34,28527.78,0,0.1536,0,0
703.01,12930.04,12227.04,0,0.0544,0,0
2395.45,19656.55,17261.1,0,0.1219,0,0
8292.23,19580.68,11288.45,3,0.4235,0,1
4818.24,16592.72,11774.48,0,0.2904,0,0
25439.08,269217.38,243778.3,0,0.0945,0,0
1950.3,21882.28,19931.98,0,0.0891,0,0
78.59,2682.4,2603.81,1,0.0293,0,0
11377.14,43658.24,32281.11,3,0.2606,1,1
51263.23,67946.97,16683.75,1,0.7545,0,1
5305.25,31010.91,25705.65,0,0.1711,0,0
4849.54,33842.56,28993.02,0,0.1433,0,0
54.45,39491.94,39437.5,1,0.0014,0,0
1517.51,4479.7,2962.19,0,0.3388,0,0
22071.59,23864.38,1792.79,4,0.9249,1,1
708.58,12893.05,12184.47,0,0.055,0,0
3838.87,22597.6,18758.72,0,0.1699,0,0
274.59,13196.66,12922.07,0,0.0208,0,0
78.48,3182.13,3103.64,0,0.0247,1,0
933.03,20432.0,19498.97,0,0.0457,0,0
479.49,12815.07,12335.58,2,0.0374,0,0
283.54,2175.18,1891.64,0,0.1304,0,0
143.28,8240.39,8097.11,0,0.0174,1,0
1217.83,6529.94,5312.1,0,0.1865,1,0
27822.61,106204.53,78381.92,0,0.262,0,0
62.02,10024.01,9961.98,0,0.0062,0,0
369.18,2054.28,1685.1,0,0.1797,1,0
140.79,17370.36,17229.57,0,0.0081,0,0
20691.3,68379.27,47687.97,0,0.3026,0,0
1013.69,26742.78,25729.08,0,0.0379,0,0
4172.48,19681.99,15509.51,0,0.212,0,0
8796.06,10686.49,1890.43,5,0.8231,0,1
224.44,1528.98,1304.54,0,0.1468,1,0
7617.41,32892.21,25274.8,0,0.2316,0,0
1724.77,19671.38,17946.61,1,0.0877,0,0
5137.62,20738.14,15600.52,2,0.2477,0,0
222.03,4677.51,4455.47,1,0.0475,0,0
48853.74,54831.84,5978.1,2,0.891,1,1
1750.91,33465.64,31714.73,0,0.0523,0,0
4895.57,19778.66,14883.09,0,0.2475,0,0
99.64,36069.84,35970.2,1,0.0028,0,0
546.15,4224.94,3678.78,0,0.1293,0,0
2276.77,21103.37,18826.6,0,0.1079,0,0
4270.67,35443.01,31172.34,0,0.1205,0,0
5278.36,27619.3,22340.94,0,0.1911,0,0
829.96,25568.92,24738.97,0,0.0325,0,0
13195.25,184652.61,171457.36,0,0.0715,0,0
256.86,32263.2,32006.34,0,0.008,0,0
6340.65,28517.65,22177.0,0,0.2223,0,0
3906.01,71894.51,67988.5,3,0.0543,1,1
574.19,14388.89,13814.7,0,0.0399,1,0
7947.94,28421.62,20473.68,0,0.2796,0,0
713.93,29985.76,29271.83,0,0.0238,0,0
3549.7,32090.37,28540.67,0,0.1106,0,0
120.85,38658.24,38537.38,1,0.0031,0,0
469.77,37349.66,36879.9,0,0.0126,0,0
41043.29,43507.04,2463.76,1,0.9434,0,1
3239.0,27129.55,23890.55,0,0.1194,0,0
1833.56,16040.19,14206.64,1,0.1143,0,0
40599.9,246876.52,206276.62,1,0.1645,0,0
75837.33,86422.45,10585.12,2,0.8775,0,1
10576.54,57214.81,46638.26,5,0.1849,0,1
4226.58,32307.49,28080.91,0,0.1308,0,0
2548.47,17155.22,14606.75,0,0.1486,0,0
23004.92,87276.3,64271.39,0,0.2636,0,0
5572.35,38580.64,33008.29,0,0.1444,0,0
699.0,36404.52,35705.52,1,0.0192,1,0
6271.0,25943.54,19672.53,0,0.2417,1,0
2546.83,24849.72,22302.88,0,0.1025,0,0
116.09,2668.42,2552.33,0,0.0435,0,0
641.25,8100.52,7459.27,0,0.0792,0,0
373.15,4357.4,3984.25,0,0.0856,0,0
14902.77,83052.54,68149.78,0,0.1794,0,0
3981.65,23289.71,19308.06,0,0.171,0,0
903.34,7851.03,6947.69,0,0.1151,0,0
10099.48,13747.33,3647.85,3,0.7347,1,1
1460.33,10350.59,8890.26,0,0.1411,0,0
3758.85,23419.03,19660.18,0,0.1605,0,0
820.14,6952.32,6132.18,0,0.118,0,0
39.96,22119.66,22079.7,0,0.0018,0,0
1762.45,34856.95,33094.5,0,0.0506,0,0
2744.66,30962.63,28217.97,0,0.0886,0,0
39962.26,297404.2,257441.94,1,0.1344,0,0
6602.1,36043.59,29441.49,0,0.1832,0,0
92.28,5582.49,5490.21,0,0.0165,0,0
68950.18,113425.94,44475.75,1,0.6079,1,1
957.97,16927.88,15969.91,1,0.0566,0,0
574.78,9194.68,8619.9,0,0.0625,0,0
3902.34,22453.1,18550.76,0,0.1738,0,0
1395.56,35215.59,33820.03,0,0.0396,0,0
7054.86,29415.07,22360.21,0,0.2398,0,0
29395.09,225781.6,196386.51,0,0.1302,0,0
1028.0,26701.28,25673.28,0,0.0385,0,0
1330.53,18360.11,17029.59,0,0.0725,0,0
669.47,18434.37,17764.9,0,0.0363,1,0
3771.49,22698.15,18926.65,0,0.1662,0,0
3613.02,36647.43,33034.41,0,0.0986,0,0
35365.62,40026.72,4661.1,2,0.8836,0,1
4766.52,22416.48,17649.96,0,0.2126,0,0
957.3,22354.0,21396.7,0,0.0428,0,0
1190.41,19957.96,18767.56,0,0.0596,0,0
37576.94,236533.97,198957.02,0,0.1589,0,0
908.05,28148.47,27240.42,0,0.0323,0,0
1007.67,13587.52,12579.85,0,0.0742,0,0
1926.54,10503.35,8576.81,0,0.1834,0,0
957.81,9361.21,8403.39,0,0.1023,0,0
869.0,49771.21,48902.22,6,0.0175,0,1
159.86,2543.68,2383.83,0,0.0628,0,0
68450.97,112349.28,43898.31,1,0.6093,1,1
357.22,27738.99,27381.77,0,0.0129,0,0
1220.82,33315.77,32094.95,0,0.0366,0,0
14962.44,73806.43,58843.99,0,0.2027,0,0
7562.34,29675.99,22113.65,0,0.2548,0,0
28501.55,30404.03,1902.48,3,0.9374,0,1
13585.11,19206.53,5621.42,3,0.7073,1,1
560.07,3683.23,3123.15,0,0.1521,1,0
110.32,24909.72,24799.4,0,0.0044,0,0
5057.89,210095.58,205037.69,0,0.0241,0,0
82.95,12949.96,12867.01,0,0.0064,0,0
159.26,12317.56,12158.3,0,0.0129,1,0
5773.1,99369.59,93596.48,0,0.0581,0,0
157.09,3885.35,3728.26,0,0.0404,0,0
714.12,19879.19,19165.07,0,0.0359,0,0
5898.0,33876.36,27978.36,0,0.1741,1,0
44761.76,49638.58,4876.82,1,0.9018,1,1
51083.06,56818.06,5735.01,2,0.8991,1,1
30410.37,180178.71,149768.34,0,0.1688,0,0
136.17,3855.98,3719.81,0,0.0353,0,0
9427.82,274239.84,264812.02,0,0.0344,0,0
41421.44,45615.04,4193.6,2,0.9081,0,1
139.93,3960.04,3820.1,0,0.0353,1,0
164.35,38969.11,38804.76,0,0.0042,0,0
18780.07,201481.29,182701.22,0,0.0932,0,0
252.9,13923.72,13670.82,0,0.0182,0,0
50.93,12316.41,12265.48,0,0.0041,0,0
23591.37,180774.8,157183.43,1,0.1305,0,0
5249.48,32940.64,27691.16,0,0.1594,0,0
6359.5,26573.56,20214.06,0,0.2393,0,0
61618.02,65374.66,3756.64,1,0.9425,0,1
5616.54,14993.2,9376.66,0,0.3746,0,0
3684.07,12326.06,8642.0,0,0.2989,0,0
945.35,30841.48,29896.14,0,0.0307,0,0
2645.98,19795.44,17149.45,0,0.1337,1,0
798.63,3233.89,2435.26,0,0.247,0,0
2046.77,26194.33,24147.56,0,0.0781,0,0
8972.26,72030.34,63058.08,0,0.1246,0,0
8668.62,17841.97,9173.36,4,0.4859,0,1
573.83,8324.42,7750.59,0,0.0689,0,0
6022.47,22003.72,15981.25,0,0.2737,0,0
307.66,13436.62,13128.95,0,0.0229,0,0
22010.49,23471.78,1461.29,1,0.9377,1,1
1655.06,39622.05,37966.99,1,0.0418,0,0
70.34,18507.33,18436.98,0,0.0038,0,0
2241.67,39727.62,37485.95,0,0.0564,0,0
426.35,38712.42,38286.07,0,0.011,0,0
40309.52,41248.25,938.73,2,0.9772,0,1
3966.13,66240.07,62273.94,7,0.0599,0,1
4838.52,39481.52,34643.0,0,0.1226,0,0
335.48,35589.06,35253.58,1,0.0094,0,0
25623.84,169137.57,143513.72,0,0.1515,0,0
44157.89,256277.3,212119.4,0,0.1723,0,0
2847.37,9754.78,6907.41,0,0.2919,0,0
3334.14,10378.55,7044.41,6,0.3213,1,1
1089.19,37304.9,36215.72,0,0.0292,0,0
4736.31,33239.92,28503.61,1,0.1425,0,0
4677.21,31099.8,26422.59,0,0.1504,0,0
1700.99,39241.97,37540.99,0,0.0433,0,0
4942.36,38487.16,33544.8,0,0.1284,0,0
4287.83,36477.0,32189.18,0,0.1175,0,0
4307.25,20334.07,16026.82,0,0.2118,1,0
29662.56,36780.2,7117.64,2,0.8065,1,1
102.73,8567.16,8464.43,0,0.012,0,0
2425.1,11283.03,8857.93,0,0.2149,0,0
406.66,13069.79,12663.12,0,0.0311,1,0
3920.05,38538.93,34618.88,0,0.1017,0,0
5049.32,37440.63,32391.31,0,0.1349,0,0
166.18,14129.75,13963.57,2,0.0118,0,0
2203.03,18815.43,16612.4,0,0.1171,0,0
353.45,14145.49,13792.04,0,0.025,0,0
405.75,14866.52,14460.77,0,0.0273,1,0
4414.74,23172.58,18757.84,0,0.1905,0,0
40669.42,236994.35,196324.93,0,0.1716,0,0
1424.63,38012.07,36587.44,0,0.0375,0,0
7932.88,32818.58,24885.7,0,0.2417,0,0
1067.1,39466.49,38399.39,0,0.027,0,0
4759.18,17177.21,12418.03,0,0.2771,0,0
29557.34,212800.72,183243.38,0,0.1389,0,0
1413.11,8487.82,7074.71,0,0.1665,0,0
6415.85,21142.26,14726.41,0,0.3035,0,0
2280.7,27964.51,25683.81,0,0.0816,0,0
5848.38,37938.04,32089.66,0,0.1542,0,0
159.2,24975.28,24816.09,0,0.0064,0,0
4930.69,30907.16,25976.47,0,0.1595,1,0
2460.97,15989.71,13528.74,0,0.1539,0,0
32885.78,296829.59,263943.8,0,0.1108,0,0
869.62,26831.41,25961.79,0,0.0324,0,0
574.1,11608.39,11034.28,0,0.0495,0,0
8856.42,10574.03,1717.61,3,0.8376,0,1
377.41,25704.68,25327.27,0,0.0147,0,0
365.11,9337.04,8971.93,0,0.0391,1,0
5474.85,131515.15,126040.3,0,0.0416,0,0
892.36,3206.87,2314.51,0,0.2783,0,0
36.98,6174.67,6137.69,0,0.006,0,0
96.68,20892.36,20795.67,1,0.0046,0,0
1713.94,22582.1,20868.16,0,0.0759,0,0
3826.19,29481.61,25655.42,0,0.1298,0,0
1322.89,34722.53,33399.64,0,0.0381,0,0
81.68,26328.33,26246.65,0,0.0031,0,0
32591.08,38874.77,6283.69,2,0.8384,1,1
1645.91,19218.77,17572.85,1,0.0856,0,0
7780.53,37726.69,29946.16,0,0.2062,0,0
72.13,31928.84,31856.72,0,0.0023,0,0
29721.3,143013.62,113292.32,0,0.2078,0,0
209.18,9932.34,9723.17,0,0.0211,0,0
3169.17,36658.59,33489.42,0,0.0865,0,0
1023.72,8058.2,7034.48,0,0.127,0,0
74.27,18246.56,18172.29,0,0.0041,0,0
4795.29,38127.14,33331.86,0,0.1258,0,0
30.75,35093.89,35063.14,0,0.0009,0,0
366.54,8908.72,8542.18,0,0.0411,0,0
4697.58,6848.2,2150.62,3,0.686,1,1
12681.99,230148.22,217466.23,0,0.0551,0,0
3948.19,27046.31,23098.12,0,0.146,0,0
3420.63,19904.38,16483.75,0,0.1719,0,0
1206.38,23244.57,22038.2,0,0.0519,0,0
39177.18,181237.9,142060.72,0,0.2162,0,0
3032.52,18725.64,15693.12,0,0.1619,0,0
18016.43,80074.34,62057.91,0,0.225,0,0
3372.21,28045.02,24672.81,1,0.1202,0,0
1695.44,17609.97,15914.54,0,0.0963,0,0
667.66,8121.8,7454.14,0,0.0822,0,0
728.18,8505.06,7776.88,2,0.0856,0,0
2642.31,23082.66,20440.35,0,0.1145,1,0
7653.04,39334.34,31681.3,0,0.1946,0,0
630.24,22769.13,22138.9,1,0.0277,0,0
6564.92,31662.65,25097.73,4,0.2073,1,1
104.17,11910.07,11805.9,0,0.0087,0,0
4336.29,21745.07,17408.78,0,0.1994,0,0
9890.57,33550.8,23660.22,6,0.2948,1,1
9143.23,9335.3,192.07,2,0.9794,0,1
42134.87,183785.35,141650.48,0,0.2293,0,0
39249.08,146200.88,106951.81,1,0.2685,0,0
201.67,30624.52,30422.85,0,0.0066,0,0
7228.66,35773.53,28544.86,0,0.2021,0,0
46301.22,50795.86,4494.63,3,0.9115,0,1
1133.94,17069.04,15935.1,0,0.0664,0,0
500.43,5096.01,4595.58,0,0.0982,0,0
4453.63,32697.6,28243.97,0,0.1362,0,0
21484.03,63641.52,42157.49,0,0.3376,0,0
1315.78,27404.77,26089.0,0,0.048,0,0
5691.34,31322.35,25631.01,0,0.1817,0,0
2993.77,16377.44,13383.67,0,0.1828,0,0
677.76,30076.93,29399.18,0,0.0225,0,0
1005.33,30887.81,29882.48,0,0.0325,0,0
37.47,10925.2,10887.73,0,0.0034,0,0
1114.38,6530.69,5416.3,0,0.1706,0,0
28128.18,139717.18,111589.0,0,0.2013,0,0
71253.75,87280.87,16027.12,1,0.8164,0,1
33367.23,235609.27,202242.04,0,0.1416,0,0
316.87,9302.21,8985.34,0,0.0341,1,0
23010.03,28105.61,5095.58,2,0.8187,1,1
456.0,37741.25,37285.25,0,0.0121,0,0
104.49,7291.65,7187.16,2,0.0143,0,0
5345.48,37959.28,32613.8,0,0.1408,0,0
2455.03,35118.74,32663.71,0,0.0699,0,0
3034.91,20058.64,17023.73,0,0.1513,0,0
648.15,28623.63,27975.48,0,0.0226,0,0
1176.89,37054.11,35877.21,0,0.0318,0,0
24455.67,252614.58,228158.91,0,0.0968,0,0
1103.08,78138.14,77035.06,4,0.0141,1,1
10418.38,293925.74,283507.36,0,0.0354,0,0
2067.32,16326.85,14259.53,1,0.1266,0,0
7884.02,30963.63,23079.61,0,0.2546,1,0
90.62,2325.08,2234.46,0,0.039,0,0
7698.9,25361.3,17662.4,0,0.3036,0,0
4994.13,67936.56,62942.43,3,0.0735,0,1
1980.76,8112.69,6131.93,0,0.2442,0,0
18665.85,93786.19,75120.33,0,0.199,0,0
48703.12,51652.93,2949.81,2,0.9429,0,1
200.55,30954.85,30754.3,0,0.0065,0,0
43757.78,215404.75,171646.98,0,0.2031,0,0
42250.67,220899.72,178649.06,0,0.1913,0,0
383.22,4483.54,4100.32,0,0.0855,0,0
39310.62,239218.39,199907.77,0,0.1643,0,0
26770.16,283850.52,257080.36,0,0.0943,0,0
223.14,12495.73,12272.59,0,0.0179,1,0
3752.4,19315.11,15562.71,0,0.1943,0,0
28308.58,298936.54,270627.96,0,0.0947,0,0
8804.26,12902.03,4097.77,2,0.6824,1,1
65.99,4368.07,4302.08,1,0.0151,0,0
67332.22,118730.38,51398.16,4,0.5671,0,1
2979.72,39753.06,36773.34,0,0.075,0,0
5092.08,39618.49,34526.41,0,0.1285,0,0
1507.91,8664.11,7156.2,0,0.174,0,0
929.62,40043.72,39114.1,6,0.0232,0,1
898.84,18477.56,17578.72,2,0.0486,0,0
433.47,23368.78,22935.31,0,0.0185,0,0
940.22,13806.73,12866.51,0,0.0681,0,0
2542.05,25887.99,23345.94,0,0.0982,0,0
1974.22,28517.15,26542.94,0,0.0692,0,0
2039.2,8986.14,6946.94,1,0.2269,0,0
52.06,2455.19,2403.13,0,0.0212,0,0
2782.11,17947.55,15165.44,1,0.155,1,0
3706.39,19420.39,15714.01,0,0.1909,0,0
1075.41,24442.41,23366.99,0,0.044,0,0
4157.88,34570.41,30412.53,0,0.1203,0,0
427.76,6381.88,5954.12,0,0.067,0,0
652.49,17709.83,17057.34,0,0.0368,0,0
4522.21,5030.54,508.32,2,0.899,0,1
21985.24,103455.1,81469.86,1,0.2125,0,0
934.62,6631.79,5697.17,0,0.1409,0,0
4111.57,12864.46,8752.89,0,0.3196,0,0
2124.19,21774.9,19650.71,0,0.0976,0,0
3240.55,11633.24,8392.68,0,0.2786,0,0
686.76,30776.75,30089.99,0,0.0223,0,0
404.73,2512.9,2108.17,1,0.1611,0,0
597.16,31773.06,31175.9,1,0.0188,0,0
993.27,38913.06,37919.79,0,0.0255,0,0
4336.27,28038.01,23701.74,0,0.1547,0,0
44632.05,158361.23,113729.18,0,0.2818,0,0
1048.56,10620.19,9571.63,1,0.0987,0,0
51761.59,54853.17,3091.58,3,0.9436,0,1
2104.45,38442.92,36338.47,0,0.0547,0,0
5442.85,25157.77,19714.92,0,0.2163,0,0
13514.72,13858.79,344.07,2,0.9752,1,1
192.02,13453.27,13261.25,0,0.0143,1,0
1758.3,9539.58,7781.28,0,0.1843,0,0
25222.21,109855.22,84633.01,0,0.2296,0,0
6168.67,52330.09,46161.42,5,0.1179,0,1
2739.04,29101.86,26362.82,0,0.0941,0,0
2415.11,27955.9,25540.79,1,0.0864,1,0
783.47,11366.72,10583.25,0,0.0689,0,0
59.66,7551.95,7492.29,1,0.0079,0,0
918.21,7736.67,6818.46,0,0.1187,0,0
11448.58,70616.24,59167.66,7,0.1621,0,1
652.66,22631.74,21979.07,0,0.0288,0,0
3466.93,21496.55,18029.62,3,0.1613,0,1
1769.62,33576.07,31806.45,0,0.0527,0,0
38701.38,260389.63,221688.25,0,0.1486,0,0
3114.01,27901.05,24787.04,0,0.1116,0,0
662.78,5787.23,5124.45,2,0.1145,0,0
23382.71,110554.94,87172.24,0,0.2115,0,0
33208.03,38429.55,5221.52,2,0.8641,1,1
2085.89,27193.84,25107.95,0,0.0767,0,0
4654.54,19413.61,14759.07,0,0.2398,1,0
66.72,11228.08,11161.36,0,0.0059,0,0
16046.79,96356.41,80309.62,0,0.1665,0,0
531.03,2231.33,1700.3,0,0.238,0,0
50020.17,51042.77,1022.6,2,0.98,0,1
2645.95,9220.9,6574.95,1,0.287,0,0
14626.82,298203.51,283576.69,0,0.049,0,0
2750.06,32736.62,29986.56,0,0.084,0,0
28971.74,166304.91,137333.17,0,0.1742,0,0
4895.07,32394.61,27499.54,0,0.1511,0,0
5712.69,16598.09,10885.4,0,0.3442,0,0
1325.67,25308.07,23982.39,0,0.0524,0,0
1013.49,39024.07,38010.58,0,0.026,0,0
1125.04,14373.35,13248.32,0,0.0783,0,0
146.59,6192.25,6045.66,0,0.0237,0,0
965.28,32330.95,31365.68,0,0.0299,0,0
1741.63,14624.66,12883.02,2,0.1191,0,0
5878.89,30193.67,24314.78,3,0.1947,1,1
14028.16,20105.71,6077.55,3,0.6977,1,1
2776.35,27464.08,24687.73,0,0.1011,0,0
1408.37,36630.99,35222.62,0,0.0384,0,0
11950.46,140449.93,128499.47,0,0.0851,0,0
183.82,7324.35,7140.54,0,0.0251,1,0
2856.59,3175.48,318.9,2,0.8996,0,1
1865.96,36377.59,34511.63,0,0.0513,0,0
3972.18,27436.65,23464.46,0,0.1448,0,0
676.36,29214.25,28537.89,0,0.0232,0,0
24071.38,26340.85,2269.46,2,0.9138,1,1
617.8,25010.11,24392.31,0,0.0247,0,0
265.07,2999.4,2734.33,0,0.0884,1,0
85.17,4205.76,4120.59,0,0.0202,0,0
321.13,33751.72,33430.59,1,0.0095,0,0
19827.74,22307.2,2479.45,4,0.8888,0,1
191.61,6239.79,6048.18,0,0.0307,1,0
39150.52,136101.31,96950.78,0,0.2877,0,0
1597.12,16581.18,14984.06,0,0.0963,0,0
3399.77,36011.68,32611.92,0,0.0944,0,0
6183.83,22566.77,16382.94,0,0.274,0,0
60548.52,64174.46,3625.94,5,0.9435,0,1
11604.39,60043.04,48438.65,4,0.1933,1,1
977.05,14142.86,13165.82,0,0.0691,0,0
760.6,9451.71,8691.11,0,0.0805,0,0
9777.27,33802.18,24024.91,3,0.2892,0,1
7224.66,38194.67,30970.0,0,0.1892,0,0
10881.67,32920.49,22038.82,3,0.3305,0,1
4723.99,31950.07,27226.09,0,0.1479,0,0
347.18,20089.95,19742.76,0,0.0173,0,0
25523.09,243071.77,217548.68,0,0.105,0,0
1213.95,7792.83,6578.88,1,0.1558,0,0
7156.7,33433.1,26276.39,0,0.2141,0,0
266.77,5335.95,5069.18,0,0.05,0,0
2407.06,13145.73,10738.67,0,0.1831,0,0
6304.37,37349.1,31044.73,1,0.1688,1,0
11067.0,249263.33,238196.34,0,0.0444,0,0
3652.77,24027.48,20374.71,0,0.152,0,0
423.4,26835.48,26412.07,0,0.0158,0,0
32337.06,282893.81,250556.74,0,0.1143,0,0
120.51,16959.91,16839.41,0,0.0071,1,0
2975.69,14310.74,11335.05,0,0.2079,0,0
4750.76,52915.3,48164.54,4,0.0898,0,1
406.69,26544.83,26138.14,1,0.0153,0,0
56509.72,69345.44,12835.72,1,0.8149,0,1
8616.76,216061.22,207444.46,1,0.0399,0,0
927.56,20603.31,19675.75,0,0.045,0,0
54393.54,95267.37,40873.82,2,0.571,1,1
5007.31,32007.6,27000.28,2,0.1564,0,0
524.46,22391.59,21867.14,0,0.0234,0,0
20374.2,236266.54,215892.34,0,0.0862,0,0
3012.01,34814.81,31802.8,0,0.0865,0,0
779.83,12406.02,11626.18,2,0.0629,0,0
14031.58,173797.91,159766.32,0,0.0807,0,0
25853.89,79457.98,53604.09,0,0.3254,0,0
22970.79,25107.85,2137.06,4,0.9149,1,1
7376.29,109698.19,102321.91,0,0.0672,0,0
1853.24,4755.59,2902.35,0,0.3897,0,0
11257.69,93784.91,82527.22,0,0.12,0,0
61322.07,112776.85,51454.78,5,0.5437,0,1
11331.46,11932.2,600.74,4,0.9497,1,1
2474.58,23731.15,21256.57,0,0.1043,0,0
1364.89,30152.78,28787.89,0,0.0453,0,0
626.24,20841.14,20214.9,0,0.03,0,0
2996.26,24855.9,21859.64,0,0.1205,1,0
588.66,26648.28,26059.62,0,0.0221,0,0
7930.15,57884.79,49954.64,5,0.137,0,1
7750.16,175334.39,167584.23,0,0.0442,0,0
6154.69,18152.69,11998.0,0,0.3391,0,0
983.92,6239.62,5255.7,0,0.1577,0,0
839.3,29999.04,29159.74,1,0.028,0,0
7653.16,39454.08,31800.91,0,0.194,0,0
24223.3,96697.31,72474.0,0,0.2505,0,0
53629.58,64634.84,11005.26,1,0.8297,0,1
179.67,3981.97,3802.3,0,0.0451,0,0
331.26,10534.98,10203.72,0,0.0314,0,0
20506.4,213287.78,192781.39,0,0.0961,0,0
5115.1,38899.11,33784.0,0,0.1315,0,0
22943.26,78248.18,55304.92,0,0.2932,0,0
5392.26,29267.33,23875.08,0,0.1842,0,0
7240.22,7454.94,214.72,1,0.9712,1,1
735.74,14433.6,13697.86,0,0.051,0,0
19186.83,227313.92,208127.09,0,0.0844,0,0
475.07,2747.18,2272.11,1,0.1729,0,0
1015.53,3649.68,2634.15,0,0.2783,0,0
2472.9,18577.35,16104.45,0,0.1331,0,0
374.65,5475.74,5101.09,0,0.0684,1,0
1384.18,9711.18,8327.0,0,0.1425,0,0
1762.17,25925.78,24163.6,0,0.068,0,0
1205.68,18878.04,17672.37,0,0.0639,0,0
24940.3,291157.85,266217.55,0,0.0857,0,0
121.6,21548.96,21427.37,0,0.0056,0,0
33609.59,33665.59,56.0,2,0.9983,0,1
1597.64,14477.6,12879.96,0,0.1104,0,0
7864.48,253367.8,245503.33,0,0.031,0,0
2073.99,9237.74,7163.75,0,0.2245,0,0
30217.54,31564.43,1346.89,2,0.9573,0,1
1005.29,22763.47,21758.17,1,0.0442,0,0
3625.04,26015.67,22390.63,0,0.1393,0,0
2727.83,25507.25,22779.42,0,0.1069,0,0
79368.52,113748.94,34380.42,2,0.6978,0,1
16778.1,18198.57,1420.47,1,0.9219,1,1
426.68,15978.19,15551.52,0,0.0267,0,0
38069.1,39551.31,1482.21,4,0.9625,0,1
27463.98,28695.04,1231.06,1,0.9571,0,1
49.53,4998.32,4948.79,0,0.0099,0,0
1104.75,13247.36,12142.61,0,0.0834,0,0
88.06,35867.57,35779.51,0,0.0025,0,0
7963.44,28330.54,20367.1,0,0.2811,0,0
8807.42,40469.49,31662.07,7,0.2176,0,1
26843.65,194835.33,167991.68,1,0.1378,0,0
363.41,4390.41,4027.0,0,0.0828,1,0
59710.83,108204.32,48493.5,5,0.5518,1,1
847.2,7871.79,7024.59,0,0.1076,0,0
1810.28,28547.38,26737.1,1,0.0634,0,0
3090.35,35140.2,32049.85,0,0.0879,0,0
10251.17,77259.9,67008.73,3,0.1327,0,1
758.37,29903.77,29145.4,0,0.0254,0,0
19872.51,132475.25,112602.74,0,0.15,0,0
169.74,3480.99,3311.26,0,0.0488,1,0
2621.71,33664.31,31042.6,0,0.0779,0,0
214.12,1534.81,1320.69,0,0.1395,1,0
1294.47,10101.76,8807.29,0,0.1281,0,0
682.64,13977.94,13295.3,0,0.0488,0,0
5243.38,32103.22,26859.83,0,0.1633,0,0
216.54,2907.6,2691.05,0,0.0745,0,0
329.16,22184.44,21855.28,0,0.0148,0,0
1975.67,7588.66,5612.99,1,0.2603,0,0
64.19,11257.6,11193.4,0,0.0057,1,0
3101.33,15806.68,12705.35,0,0.1962,0,0
719.03,14708.82,13989.78,0,0.0489,0,0
15106.97,261505.31,246398.34,0,0.0578,0,0
64997.53,76748.15,11750.62,2,0.8469,0,1
3888.92,34267.19,30378.28,1,0.1135,1,0
2288.15,12352.96,10064.81,2,0.1852,0,0
1419.89,33644.77,32224.87,1,0.0422,0,0
113.19,29800.4,29687.21,0,0.0038,0,0
212.91,17912.84,17699.93,0,0.0119,0,0
3945.55,16302.73,12357.18,0,0.242,0,0
49936.09,50729.2,793.12,4,0.9844,0,1
6285.36,37051.13,30765.76,0,0.1696,0,0
1299.2,22343.22,21044.02,0,0.0581,0,0
662.65,14127.3,13464.65,0,0.0469,0,0
84.38,7306.75,7222.37,0,0.0115,0,0
1191.68,35214.73,34023.05,0,0.0338,0,0
25470.24,190384.28,164914.05,0,0.1338,0,0
207.75,31240.44,31032.69,0,0.0067,0,0
352.75,25324.64,24971.89,0,0.0139,0,0
1671.98,30963.13,29291.15,0,0.054,0,0
20138.05,235791.34,215653.29,0,0.0854,0,0
50203.61,53423.5,3219.89,1,0.9397,1,1
1672.5,21417.69,19745.19,0,0.0781,0,0
1353.91,11088.72,9734.81,0,0.1221,0,0
18.26,2333.44,2315.18,0,0.0078,0,0
251.9,29756.21,29504.3,0,0.0085,0,0
1388.42,8673.81,7285.39,0,0.1601,0,0
264.84,12098.36,11833.52,0,0.0219,0,0
244.57,8071.85,7827.29,1,0.0303,1,0
52503.85,95611.06,43107.22,1,0.5491,0,1
2615.33,32163.14,29547.81,0,0.0813,0,0
928.78,16120.99,15192.22,0,0.0576,0,0
1670.32,11919.84,10249.52,1,0.1401,0,0
570.98,6620.32,6049.34,0,0.0862,0,0
83845.78,86787.34,2941.57,1,0.9661,1,1
626.1,2201.91,1575.81,0,0.2843,0,0
13548.85,131301.28,117752.43,0,0.1032,0,0
592.61,7385.18,6792.56,0,0.0802,0,0
2663.55,38285.81,35622.26,0,0.0696,0,0
50626.08,64189.38,13563.3,1,0.7887,1,1
1377.26,37162.53,35785.27,0,0.0371,0,0
1164.04,29062.81,27898.77,0,0.0401,0,0
1056.68,23253.47,22196.8,0,0.0454,0,0
6631.4,191310.63,184679.23,0,0.0347,0,0
564.83,39811.97,39247.14,0,0.0142,0,0
1498.75,8213.91,6715.15,0,0.1825,0,0
78.94,2929.66,2850.72,0,0.0269,0,0
3147.14,25529.9,22382.76,1,0.1233,1,0
5537.87,31711.85,26173.98,1,0.1746,0,0
188.54,10637.73,10449.19,0,0.0177,1,0
483.12,5896.35,5413.23,0,0.0819,1,0
91.89,8196.89,8105.0,0,0.0112,1,0
41050.19,240541.9,199491.71,0,0.1707,0,0
5782.67,36031.35,30248.68,0,0.1605,1,0
2009.26,8117.41,6108.15,0,0.2475,0,0
2599.41,32469.38,29869.98,0,0.0801,0,0
1542.34,38423.71,36881.37,0,0.0401,0,0
681.79,31018.59,30336.8,0,0.022,0,0
675.74,17372.04,16696.3,0,0.0389,0,0
943.74,6683.4,5739.66,0,0.1412,1,0
43082.34,262367.79,219285.46,0,0.1642,0,0
6427.27,36577.84,30150.57,0,0.1757,0,0
237.12,10383.69,10146.57,0,0.0228,1,0
14788.62,287058.15,272269.52,0,0.0515,0,0
2953.55,37028.31,34074.76,0,0.0798,0,0
166.09,2987.33,2821.23,0,0.0556,0,0
728.27,28000.86,27272.59,0,0.026,0,0
2305.39,32295.84,29990.45,0,0.0714,0,0
3826.75,29050.31,25223.56,0,0.1317,0,0
89.37,7514.14,7424.76,0,0.0119,0,0
1863.15,21533.56,19670.41,0,0.0865,0,0
90815.59,113020.8,22205.21,2,0.8035,0,1
900.55,4171.04,3270.49,0,0.2159,0,0
1932.61,30687.44,28754.83,0,0.063,0,0
162.51,3557.73,3395.22,0,0.0457,1,0
530.36,26858.4,26328.03,0,0.0197,0,0
2979.94,23686.21,20706.27,0,0.1258,0,0
36733.79,168654.1,131920.31,0,0.2178,0,0
1138.44,26031.06,24892.61,0,0.0437,0,0
1601.65,14551.82,12950.16,0,0.1101,0,0
26903.2,97526.91,70623.71,0,0.2759,0,0
4928.12,37719.36,32791.24,1,0.1307,1,0
18111.44,140119.57,122008.12,0,0.1293,0,0
2981.58,35172.05,32190.47,0,0.0848,0,0
324.92,33461.15,33136.23,0,0.0097,0,0
5066.9,16925.85,11858.95,0,0.2994,0,0
743.64,25593.81,24850.17,0,0.0291,0,0
29.11,6378.89,6349.79,0,0.0046,1,0
792.47,39701.15,38908.68,0,0.02,0,0
6349.02,35825.42,29476.4,0,0.1772,0,0
6352.06,6838.01,485.95,2,0.9289,1,1
4646.17,34481.58,29835.41,0,0.1347,0,0
1835.51,34013.94,32178.43,0,0.054,0,0
1115.78,26356.69,25240.91,0,0.0423,0,0
387.94,13450.0,13062.05,0,0.0288,1,0
4516.87,33772.45,29255.58,4,0.1337,1,1
1090.63,11991.12,10900.49,0,0.091,0,0
7603.02,35808.36,28205.34,2,0.2123,0,0
2568.19,38547.89,35979.7,1,0.0666,0,0
10041.01,67952.03,57911.02,0,0.1478,0,0
1342.17,9089.2,7747.03,0,0.1477,0,0
52911.05,56125.0,3213.95,2,0.9427,0,1
69202.22,79972.53,10770.31,2,0.8653,0,1
992.04,13071.72,12079.68,1,0.0759,0,0
1770.86,16976.31,15205.45,0,0.1043,0,0
358.15,10059.09,9700.94,0,0.0356,0,0
8618.12,24214.06,15595.95,5,0.3559,0,1
64569.72,72848.71,8278.99,5,0.8864,0,1
1341.0,20906.51,19565.51,0,0.0641,0,0
3650.43,24821.19,21170.76,0,0.1471,0,0
20.73,20280.55,20259.82,2,0.001,0,0
3582.11,17920.21,14338.1,0,0.1999,0,0
661.61,4414.98,3753.37,0,0.1499,0,0
3156.83,34869.99,31713.15,0,0.0905,0,0
205.89,11332.17,11126.28,0,0.0182,1,0
5257.44,36283.38,31025.94,0,0.1449,0,0
3563.51,35591.92,32028.41,0,0.1001,1,0
203.65,15319.78,15116.13,0,0.0133,0,0
188.29,2585.01,2396.72,0,0.0728,1,0
5437.84,33996.59,28558.75,0,0.16,0,0
948.81,37491.52,36542.71,0,0.0253,0,0
5636.81,30691.59,25054.78,0,0.1837,0,0
911.5,13772.66,12861.16,0,0.0662,0,0
1688.44,31827.7,30139.25,0,0.053,0,0
5201.33,39833.98,34632.65,0,0.1306,0,0
385.95,24559.11,24173.16,1,0.0157,0,0
3753.51,29211.55,25458.05,0,0.1285,1,0
1216.08,32801.03,31584.95,0,0.0371,0,0
309.11,29553.54,29244.43,0,0.0105,0,0
25483.14,294719.95,269236.81,0,0.0865,0,0
137.95,3044.75,2906.8,0,0.0453,0,0
2383.12,16556.5,14173.38,1,0.1439,1,0
1985.28,34772.5,32787.22,0,0.0571,0,0
2032.04,8035.83,6003.79,0,0.2529,0,0
78.63,6273.13,6194.5,0,0.0125,0,0
112.07,5274.8,5162.73,0,0.0212,0,0
1385.43,13966.56,12581.13,0,0.0992,0,0
3724.69,36317.71,32593.01,0,0.1026,0,0
24004.33,169653.14,145648.8,0,0.1415,0,0
6335.41,7108.95,773.54,2,0.8912,1,1
223.94,9142.71,8918.77,0,0.0245,1,0
1663.27,26753.97,25090.7,0,0.0622,0,0
4309.64,37473.92,33164.29,0,0.115,0,0
3074.12,18718.6,15644.48,0,0.1642,0,0
192.56,38614.91,38422.34,0,0.005,1,0
2202.99,18407.17,16204.17,1,0.1197,0,0
37148.81,38957.4,1808.59,3,0.9536,0,1
831.04,18476.15,17645.1,1,0.045,0,0
524.8,36990.65,36465.85,0,0.0142,0,0
461.59,8093.89,7632.29,0,0.057,0,0
1266.8,37955.82,36689.02,1,0.0334,0,0
874.87,4365.26,3490.39,0,0.2004,0,0
1934.87,8841.9,6907.02,0,0.2188,0,0
3416.62,38235.74,34819.13,0,0.0894,0,0
196.65,22899.9,22703.26,0,0.0086,0,0
8516.02,10175.75,1659.73,3,0.8369,1,1
379.27,9010.64,8631.37,1,0.0421,0,0
3954.21,28254.88,24300.67,0,0.1399,0,0
8064.79,298946.09,290881.3,0,0.027,0,0
938.4,25232.06,24293.67,0,0.0372,0,0
758.59,10605.66,9847.07,0,0.0715,0,0
4248.37,36233.44,31985.07,0,0.1172,0,0
14551.85,268938.82,254386.97,0,0.0541,0,0
346.85,14891.15,14544.29,0,0.0233,0,0
2834.68,23007.99,20173.31,0,0.1232,0,0
15478.27,75687.88,60209.6,0,0.2045,0,0
331.65,4372.5,4040.85,0,0.0758,0,0
726.09,4517.1,3791.01,0,0.1607,0,0
9490.23,57339.63,47849.4,3,0.1655,0,1
24298.61,26833.23,2534.62,2,0.9055,1,1
58943.65,101299.61,42355.96,5,0.5819,1,1
1296.16,30632.07,29335.91,0,0.0423,0,0
7718.8,34513.93,26795.13,0,0.2236,0,0
1589.22,25724.75,24135.53,1,0.0618,0,0
930.89,46280.05,45349.16,3,0.0201,0,1
1034.33,31993.04,30958.71,0,0.0323,0,0
44169.93,167749.3,123579.37,1,0.2633,0,0
34250.72,38450.95,4200.23,3,0.8908,1,1
79788.71,85508.03,5719.32,1,0.9331,0,1
7212.82,28390.1,21177.27,0,0.2541,0,0
1838.77,38835.29,36996.52,0,0.0473,0,0
11130.03,10509.51,50.0,3,1.059,0,1
1843.4,1899.93,56.53,4,0.9702,1,1
44625.71,226416.2,181790.5,0,0.1971,0,0
2569.03,28429.4,25860.37,0,0.0904,0,0
6398.65,22811.39,16412.74,1,0.2805,0,0
20.72,26786.03,26765.31,1,0.0008,0,0
694.16,2950.95,2256.79,0,0.2352,0,0
22365.55,22641.82,276.27,2,0.9878,0,1
228.94,8988.66,8759.72,0,0.0255,0,0
89872.44,98859.08,8986.63,1,0.9091,0,1
2358.01,61588.6,59230.58,3,0.0383,1,1
30688.39,144834.59,114146.21,0,0.2119,0,0
3452.83,29513.11,26060.28,0,0.117,0,0
1744.36,20083.92,18339.56,0,0.0869,0,0
40079.55,286058.53,245978.98,0,0.1401,0,0
484.72,20598.92,20114.2,0,0.0235,0,0
27402.5,30099.99,2697.49,3,0.9104,0,1
11261.17,276987.28,265726.11,0,0.0407,0,0
1467.86,13645.39,12177.54,0,0.1076,0,0
559.07,32850.91,32291.84,0,0.017,0,0
3180.52,31346.47,28165.95,0,0.1015,0,0
6302.29,36023.15,29720.87,0,0.175,0,0
326.11,31624.21,31298.1,1,0.0103,0,0
1849.76,18569.84,16720.07,0,0.0996,0,0
554.5,16683.79,16129.29,0,0.0332,0,0
6810.38,30179.51,23369.13,0,0.2257,0,0
61.06,26865.0,26803.94,0,0.0023,0,0
648.14,11113.99,10465.85,1,0.0583,0,0
446.07,9049.35,8603.28,0,0.0493,1,0
19932.37,287067.71,267135.34,0,0.0694,0,0
368.64,14920.35,14551.72,0,0.0247,0,0
6145.27,266781.68,260636.42,1,0.023,0,0
50808.38,83050.37,32241.99,4,0.6118,0,1
4654.26,17826.64,13172.38,0,0.2611,0,0
30295.65,198913.62,168617.97,0,0.1523,0,0
3356.78,16243.35,12886.57,0,0.2067,0,0
9738.47,178562.8,168824.33,0,0.0545,0,0
7670.9,35586.58,27915.68,0,0.2156,0,0
4657.71,4957.09,299.38,3,0.9396,1,1
1182.61,32668.69,31486.08,0,0.0362,1,0
1354.88,36869.62,35514.74,0,0.0367,0,0
73072.23,96243.86,23171.63,4,0.7592,1,1
1037.3,28834.36,27797.06,0,0.036,0,0
9672.49,214523.33,204850.84,0,0.0451,0,0
8261.4,36306.66,28045.26,4,0.2275,0,1
11381.38,50892.19,39510.81,6,0.2236,0,1
978.33,31605.47,30627.14,0,0.031,0,0
2390.17,36341.55,33951.38,0,0.0658,0,0
4985.79,36441.46,31455.67,0,0.1368,0,0
4579.66,28930.76,24351.1,0,0.1583,0,0
85616.34,90742.16,5125.82,2,0.9435,1,1
4153.0,28795.29,24642.29,0,0.1442,0,0
38304.26,39767.52,1463.26,2,0.9632,0,1
3810.39,31117.33,27306.94,0,0.1225,0,0
16060.93,17713.78,1652.85,1,0.9067,1,1
590.64,4027.22,3436.59,0,0.1467,0,0
1923.82,26120.29,24196.47,0,0.0737,0,0
1528.44,27999.51,26471.08,0,0.0546,0,0
4369.39,15169.96,10800.57,0,0.288,0,0
37104.32,122274.16,85169.83,0,0.3035,0,0
1539.82,22950.83,21411.01,0,0.0671,0,0
448.16,16329.16,15881.0,0,0.0274,0,0
219.61,4026.93,3807.32,2,0.0545,0,0
40295.91,45332.38,5036.47,3,0.8889,1,1
1359.03,15839.68,14480.66,0,0.0858,0,0
5902.74,298916.07,293013.32,0,0.0197,0,0
3823.15,12445.63,8622.48,1,0.3072,0,0
3242.16,16958.15,13715.99,0,0.1912,0,0
5561.34,19545.21,13983.87,0,0.2845,0,0
2241.79,29697.08,27455.29,1,0.0755,0,0
3313.29,34102.03,30788.75,0,0.0972,0,0
7900.95,38540.0,30639.05,0,0.205,0,0
254.16,33833.71,33579.55,0,0.0075,0,0
828.32,11403.77,10575.45,0,0.0726,0,0
22917.7,155794.0,132876.3,0,0.1471,0,0
1775.72,11132.27,9356.55,0,0.1595,0,0
824.15,23976.51,23152.35,0,0.0344,0,0
1272.4,24022.38,22749.98,0,0.053,0,0
6242.82,37717.13,31474.3,0,0.1655,0,0
5401.0,73228.54,67827.53,5,0.0738,0,1
18636.66,222296.1,203659.44,0,0.0838,0,0
9505.75,56850.54,47344.79,3,0.1672,1,1
379.76,10900.89,10521.13,0,0.0348,1,0
5524.11,6269.28,745.17,3,0.8811,0,1
10677.03,12066.89,1389.86,3,0.8848,1,1
37406.44,203266.85,165860.41,0,0.184,0,0
764.93,32124.81,31359.88,0,0.0238,0,0
680.42,6071.95,5391.54,0,0.1121,0,0
176.86,10361.52,10184.65,0,0.0171,0,0
1866.92,20913.64,19046.72,0,0.0893,0,0
28588.13,31879.67,3291.55,2,0.8968,0,1
838.66,14369.13,13530.47,0,0.0584,0,0
36237.85,37558.32,1320.47,2,0.9648,1,1
3446.79,24841.69,21394.9,0,0.1388,0,0
2748.19,8493.08,5744.89,0,0.3236,0,0
3981.5,24069.21,20087.71,0,0.1654,0,0
864.37,3253.12,2388.76,0,0.2657,0,0
1274.42,71929.07,70654.64,3,0.0177,1,1
888.51,32624.42,31735.91,0,0.0272,0,0
1701.87,22260.75,20558.87,0,0.0765,0,0
2833.48,39758.58,36925.11,0,0.0713,1,0
4910.01,5208.02,298.01,1,0.9428,0,1
109.3,4837.91,4728.6,0,0.0226,1,0
9849.01,46202.42,36353.41,4,0.2132,0,1
1319.39,28282.45,26963.06,0,0.0467,0,0
1019.45,34598.6,33579.15,0,0.0295,0,0
39606.89,123668.42,84061.53,0,0.3203,0,0
284.06,4251.44,3967.38,0,0.0668,0,0
1514.42,20104.61,18590.18,2,0.0753,0,0
69.02,4293.9,4224.88,0,0.0161,0,0
18650.87,21845.28,3194.4,3,0.8538,1,1
35995.34,264639.88,228644.54,0,0.136,0,0
2136.29,18910.68,16774.39,6,0.113,0,1
52431.67,86739.38,34307.72,2,0.6045,0,1
2348.03,31047.17,28699.14,1,0.0756,0,0
2311.88,14467.01,12155.13,0,0.1598,1,0
3644.0,20146.92,16502.93,0,0.1809,0,0
970.7,4963.03,3992.33,0,0.1956,0,0
1143.73,33181.9,32038.17,0,0.0345,0,0
6084.89,23735.84,17650.96,0,0.2564,0,0
430.13,8477.46,8047.33,0,0.0507,0,0
8918.09,9769.05,850.97,3,0.9129,1,1
1628.24,15075.48,13447.25,1,0.108,0,0
157.56,9508.08,9350.51,1,0.0166,0,0
4340.09,15326.97,10986.88,0,0.2832,0,0
1187.61,15431.98,14244.38,0,0.077,0,0
93.58,4523.4,4429.83,0,0.0207,0,0
202.67,11559.48,11356.81,0,0.0175,1,0
65.39,2644.83,2579.44,0,0.0247,0,0
260.19,39489.64,39229.46,0,0.0066,0,0
9854.11,10920.17,1066.07,2,0.9024,1,1
12223.97,13524.2,1300.23,1,0.9039,1,1
344.54,4651.32,4306.77,0,0.0741,1,0
47138.53,50368.54,3230.01,2,0.9359,1,1
408.94,2769.48,2360.53,0,0.1477,1,0
2111.12,11509.23,9398.11,0,0.1834,0,0
4864.51,32685.44,27820.93,0,0.1488,0,0
794.89,8207.83,7412.94,1,0.0968,0,0
3048.8,15833.04,12784.25,0,0.1926,0,0
8996.37,70862.0,61865.62,0,0.127,0,0
43313.81,46044.77,2730.96,2,0.9407,1,1
2132.51,13198.22,11065.71,0,0.1616,0,0
2469.09,11041.12,8572.03,0,0.2236,0,0
11562.93,16500.92,4937.99,4,0.7007,0,1
25337.52,27885.71,2548.19,2,0.9086,1,1
221.39,21684.58,21463.19,0,0.0102,0,0
5059.42,66556.68,61497.26,0,0.076,0,0
12282.37,13933.47,1651.1,3,0.8815,1,1
758.67,4735.31,3976.64,0,0.1602,0,0
15888.97,67387.4,51498.43,0,0.2358,0,0
47.46,2612.46,2565.0,0,0.0182,0,0
7095.51,22681.65,15586.14,0,0.3128,0,0
18563.05,161196.96,142633.91,0,0.1152,0,0
37052.49,214686.03,177633.54,0,0.1726,0,0
5558.38,37399.95,31841.57,0,0.1486,0,0
1711.74,12837.82,11126.08,0,0.1333,0,0
1732.6,33537.7,31805.11,1,0.0517,0,0
5542.83,32649.32,27106.5,0,0.1698,0,0
4633.49,19805.33,15171.84,0,0.234,0,0
10415.74,14658.54,4242.8,4,0.7106,1,1
36432.02,273591.81,237159.79,0,0.1332,0,0
1152.36,21018.81,19866.44,0,0.0548,0,0
22605.31,139996.28,117390.97,0,0.1615,0,0
14152.94,21718.23,7565.29,3,0.6517,1,1
2907.0,35249.6,32342.6,0,0.0825,0,0
272.8,13335.32,13062.52,0,0.0205,1,0
386.41,7811.84,7425.43,0,0.0495,0,0
9636.74,122649.68,113012.94,0,0.0786,0,0
1027.49,20577.95,19550.46,1,0.0499,0,0
231.18,6966.54,6735.36,0,0.0332,1,0
223.86,21712.42,21488.56,0,0.0103,0,0
2219.54,23352.13,21132.58,1,0.095,0,0
276.79,22131.45,21854.66,1,0.0125,0,0
1047.61,30571.81,29524.2,0,0.0343,0,0
24116.35,24610.08,493.72,1,0.9799,0,1
1525.73,33837.97,32312.25,0,0.0451,0,0
6773.1,28385.52,21612.43,0,0.2386,1,0
31281.22,195985.26,164704.04,0,0.1596,0,0
136.95,6318.55,6181.6,0,0.0217,0,0
18295.29,125332.51,107037.23,1,0.146,0,0
2085.12,19465.41,17380.29,0,0.1071,0,0
23180.34,102760.47,79580.13,1,0.2256,0,0
2401.77,39683.58,37281.8,1,0.0605,0,0
4062.49,10165.1,6102.62,0,0.3997,0,0
3014.23,26669.19,23654.96,0,0.113,0,0
7580.9,217887.24,210306.34,0,0.0348,0,0
65.91,9152.82,9086.91,0,0.0072,0,0
1995.6,11132.2,9136.6,0,0.1793,1,0
6482.72,29158.12,22675.4,0,0.2223,0,0
224.26,5675.35,5451.1,0,0.0395,0,0
40141.16,40602.65,461.49,1,0.9886,0,1
28388.24,91805.92,63417.68,1,0.3092,0,0
2190.75,17469.49,15278.74,0,0.1254,0,0
1802.79,39603.46,37800.67,0,0.0455,0,0
9210.51,66549.04,57338.52,1,0.1384,0,0
5862.37,31789.67,25927.3,0,0.1844,0,0
444.08,17155.79,16711.71,0,0.0259,0,0
1583.58,35505.26,33921.67,0,0.0446,0,0
363.29,15011.01,14647.72,0,0.0242,0,0
5370.25,24558.8,19188.55,2,0.2187,0,0
1656.22,21616.86,19960.63,0,0.0766,0,0
8642.65,186129.78,177487.12,0,0.0464,0,0
10685.08,177208.68,166523.6,0,0.0603,0,0
380.94,18801.93,18420.99,0,0.0203,0,0
737.56,25255.27,24517.71,0,0.0292,0,0
3396.95,20566.08,17169.13,0,0.1652,0,0
318.24,12128.51,11810.27,0,0.0262,1,0
36768.67,41032.59,4263.92,1,0.8961,0,1
3286.59,28561.43,25274.85,0,0.1151,0,0
11712.58,238150.14,226437.55,0,0.0492,0,0
17828.51,20841.52,3013.01,3,0.8554,1,1
5200.46,21744.39,16543.93,0,0.2392,0,0
16283.86,63347.76,47063.91,0,0.2571,0,0
380.44,29995.42,29614.99,1,0.0127,0,0
43851.9,134343.5,90491.6,0,0.3264,0,0
2421.09,36203.16,33782.07,0,0.0669,0,0
558.25,2574.08,2015.84,0,0.2169,0,0
889.89,12813.53,11923.65,0,0.0694,0,0
3248.68,61947.8,58699.11,3,0.0524,1,1
1988.94,30029.22,28040.29,0,0.0662,0,0
656.35,17438.44,16782.09,1,0.0376,0,0
959.91,26174.74,25214.83,0,0.0367,0,0
2211.2,36846.83,34635.63,0,0.06,0,0
828.05,14115.06,13287.0,0,0.0587,1,0
3274.6,19374.76,16100.16,0,0.169,0,0
2024.66,29889.59,27864.93,0,0.0677,0,0
54104.77,57478.89,3374.12,1,0.9413,1,1
382.38,10949.55,10567.17,0,0.0349,0,0
41885.25,134292.76,92407.51,0,0.3119,0,0
14285.36,208644.31,194358.96,0,0.0685,0,0
484.98,5709.18,5224.2,0,0.0849,0,0
1324.51,37258.01,35933.5,0,0.0355,0,0
17720.14,275061.91,257341.77,0,0.0644,0,0
2607.95,37917.17,35309.21,0,0.0688,0,0
21914.74,240403.14,218488.41,0,0.0912,0,0
11318.98,72829.32,61510.35,0,0.1554,0,0
2213.1,33217.32,31004.22,0,0.0666,0,0
2458.98,16931.89,14472.91,0,0.1452,0,0
5156.1,6166.56,1010.46,3,0.8361,1,1
3771.56,19215.31,15443.75,2,0.1963,0,0
1934.01,23132.39,21198.38,0,0.0836,0,0
2013.13,37539.51,35526.38,0,0.0536,0,0
25451.02,152769.72,127318.7,0,0.1666,0,0
651.01,5805.89,5154.88,0,0.1121,0,0
3916.92,35006.77,31089.85,0,0.1119,1,0
433.1,18701.3,18268.19,0,0.0232,0,0
14842.97,179048.35,164205.39,0,0.0829,0,0
147.4,9439.56,9292.16,1,0.0156,0,0
4165.14,29329.47,25164.33,0,0.142,0,0
458.15,38329.79,37871.64,1,0.012,0,0
24223.46,178835.17,154611.7,0,0.1355,0,0
437.95,4880.25,4442.3,0,0.0897,1,0
751.59,5640.84,4889.25,0,0.1332,0,0
6367.08,34513.73,28146.65,0,0.1845,0,0
7459.16,27572.12,20112.96,1,0.2705,0,0
6462.71,38533.87,32071.16,0,0.1677,0,0
36861.49,207996.08,171134.58,0,0.1772,0,0
992.34,32395.01,31402.66,0,0.0306,0,0
1975.26,17799.45,15824.2,0,0.111,0,0
3948.93,5871.63,1922.7,3,0.6725,1,1
4871.46,27152.87,22281.41,0,0.1794,0,0
26548.15,28464.75,1916.6,4,0.9327,0,1
282.85,17352.76,17069.91,0,0.0163,0,0
2228.44,34672.2,32443.75,0,0.0643,0,0
4006.08,75027.14,71021.06,5,0.0534,1,1
5285.52,24046.7,18761.18,0,0.2198,0,0
30705.59,270640.62,239935.04,0,0.1135,0,0
11412.86,31016.26,19603.4,4,0.368,0,1
172.46,9369.5,9197.04,0,0.0184,1,0
2628.85,39632.39,37003.54,0,0.0663,0,0
9241.34,10015.27,773.93,2,0.9227,1,1
218.15,23500.73,23282.58,0,0.0093,0,0
1395.1,14444.1,13049.0,0,0.0966,0,0
1211.15,15109.35,13898.2,0,0.0802,0,0
49673.51,55785.32,6111.81,4,0.8904,1,1
1682.02,20928.94,19246.92,0,0.0804,0,0
15737.25,122041.5,106304.25,1,0.1289,0,0
19765.46,28106.16,8340.7,3,0.7032,1,1
107.43,28813.37,28705.94,0,0.0037,0,0
38271.24,39797.71,1526.46,2,0.9616,0,1
72262.25,81153.68,8891.43,4,0.8904,0,1
41192.37,42912.46,1720.09,1,0.9599,1,1
37396.55,37462.14,65.58,2,0.9982,0,1
1705.55,12543.66,10838.11,0,0.136,0,0
33638.36,140830.27,107191.91,0,0.2389,0,0
1321.68,16151.37,14829.69,0,0.0818,1,0
512.52,36565.32,36052.8,0,0.014,0,0
10113.99,182451.1,172337.11,0,0.0554,0,0
7174.36,20821.46,13647.1,0,0.3446,0,0
3201.08,20106.34,16905.26,0,0.1592,0,0
293.35,9842.7,9549.34,0,0.0298,0,0
20.84,2225.47,2204.63,0,0.0094,0,0
616.61,2419.07,1802.46,0,0.2549,0,0
1144.15,12356.88,11212.72,0,0.0926,0,0
1483.63,32232.11,30748.48,0,0.046,0,0
1382.84,6003.87,4621.03,0,0.2303,0,0
17203.86,91129.5,73925.65,0,0.1888,0,0
7187.36,38807.32,31619.96,0,0.1852,1,0
226.29,9172.11,8945.83,0,0.0247,0,0
423.76,9472.03,9048.27,0,0.0447,1,0
5988.49,24368.46,18379.97,0,0.2457,0,0
345.73,36630.89,36285.16,0,0.0094,0,0
1403.81,10438.88,9035.08,0,0.1345,0,0
472.04,3108.45,2636.41,0,0.1519,0,0
888.07,8137.91,7249.84,0,0.1091,0,0
24148.07,291499.24,267351.18,0,0.0828,0,0
909.19,8590.35,7681.16,0,0.1058,0,0
1076.74,8035.0,6958.27,0,0.134,0,0
2856.69,33984.29,31127.59,0,0.0841,0,0
215.47,18209.01,17993.54,0,0.0118,0,0
13.52,5184.87,5171.34,0,0.0026,1,0
28325.21,254381.86,226056.65,0,0.1113,0,0
1038.1,17861.79,16823.69,0,0.0581,0,0
768.48,3857.75,3089.28,0,0.1992,0,0
2723.47,9195.71,6472.25,0,0.2962,0,0
297.7,5382.12,5084.42,0,0.0553,0,0
678.65,8364.66,7686.01,0,0.0811,1,0
849.98,10092.69,9242.71,0,0.0842,0,0
6434.02,27588.88,21154.86,0,0.2332,0,0
1272.41,36437.67,35165.26,0,0.0349,0,0
34053.04,36016.52,1963.48,3,0.9455,1,1
1805.69,33811.6,32005.91,0,0.0534,0,0
3392.41,11592.6,8200.19,0,0.2926,0,0
1796.73,6361.22,4564.49,0,0.2825,0,0
248.54,35473.09,35224.55,0,0.007,0,0
2255.55,27588.88,25333.33,0,0.0818,0,0
26474.65,280861.98,254387.33,0,0.0943,0,0
732.83,35299.11,34566.28,1,0.0208,0,0
376.6,15894.4,15517.8,0,0.0237,0,0
230.41,14755.85,14525.43,0,0.0156,1,0
32109.4,33867.84,1758.44,3,0.9481,1,1
2849.23,28641.71,25792.48,0,0.0995,0,0
4599.7,30077.58,25477.88,4,0.1529,1,1
28255.4,291571.92,263316.52,1,0.0969,0,0
8859.3,72245.97,63386.67,3,0.1226,1,1
4234.93,24285.78,20050.85,1,0.1744,0,0
16023.38,60073.7,44050.32,0,0.2667,0,0
522.7,18727.56,18204.86,0,0.0279,0,0
4971.91,18463.54,13491.63,0,0.2693,0,0
2281.76,16651.39,14369.62,1,0.137,0,0
225.01,13066.1,12841.09,0,0.0172,1,0
6900.24,30068.8,23168.56,0,0.2295,0,0
50337.63,54218.01,3880.38,4,0.9284,0,1
13781.81,13874.05,92.25,4,0.9934,1,1
9017.62,287229.88,278212.26,0,0.0314,0,0
1315.31,7737.08,6421.77,0,0.17,0,0
7161.84,39035.15,31873.31,0,0.1835,0,0
3475.53,37526.07,34050.54,0,0.0926,0,0
42616.05,226432.06,183816.0,0,0.1882,0,0
1051.14,3488.6,2437.46,0,0.3013,0,0
1773.97,13618.27,11844.3,0,0.1303,0,0
649.43,4984.38,4334.95,0,0.1303,0,0
2200.83,45303.45,43102.62,6,0.0486,1,1
4781.66,35652.77,30871.11,0,0.1341,0,0
13225.49,18483.15,5257.65,3,0.7155,1,1
7041.48,19404.56,12363.08,0,0.3629,0,0
20782.31,26568.92,5786.61,3,0.7822,1,1
1724.8,24778.36,23053.56,0,0.0696,0,0
8439.34,101060.63,92621.29,0,0.0835,0,0
7523.52,10313.19,2789.67,3,0.7295,1,1
9822.34,233753.53,223931.2,1,0.042,0,0
7233.29,38248.99,31015.7,0,0.1891,1,0
93.89,24047.41,23953.52,0,0.0039,0,0
30389.63,104664.34,74274.71,0,0.2904,0,0
5392.02,190253.37,184861.35,0,0.0283,0,0
2974.15,16004.0,13029.85,1,0.1858,0,0
23777.79,27703.78,3925.99,3,0.8583,1,1
3531.78,24276.73,20744.95,0,0.1455,0,0
6036.56,7796.03,1759.47,2,0.7743,1,1
3553.38,9679.2,6125.82,0,0.3671,0,0
273.62,13692.31,13418.68,0,0.02,0,0
1736.21,25996.97,24260.75,0,0.0668,0,0
512.54,18056.84,17544.3,1,0.0284,0,0
10319.32,32664.29,22344.97,7,0.3159,0,1
1196.07,20299.32,19103.24,0,0.0589,0,0
137.21,27539.21,27401.99,0,0.005,0,0
4673.2,26669.99,21996.79,1,0.1752,0,0
3333.58,28076.97,24743.39,0,0.1187,0,0
2696.1,25484.85,22788.74,0,0.1058,0,0
710.44,10384.74,9674.3,0,0.0684,0,0
1256.65,29182.25,27925.6,0,0.0431,0,0
2119.27,10500.33,8381.05,0,0.2018,0,0
354.62,4813.19,4458.56,1,0.0737,0,0
283.65,28604.92,28321.28,0,0.0099,0,0
3008.49,32237.65,29229.17,1,0.0933,0,0
17879.76,258857.55,240977.8,0,0.0691,0,0
4044.48,29341.06,25296.58,0,0.1378,0,0
183.19,2627.86,2444.68,0,0.0697,0,0
31089.1,32326.06,1236.97,3,0.9617,0,1
2223.36,14601.44,12378.08,0,0.1523,0,0
271.19,17014.75,16743.55,0,0.0159,0,0
36584.73,249978.97,213394.24,0,0.1464,0,0
2090.43,29187.14,27096.7,0,0.0716,0,0
28220.25,87025.72,58805.47,0,0.3243,0,0
872.15,25351.71,24479.56,0,0.0344,0,0
72539.38,108239.63,35700.25,1,0.6702,1,1
50335.79,52527.46,2191.67,1,0.9583,0,1
3905.88,13245.42,9339.53,0,0.2949,0,0
23566.25,74347.58,50781.33,0,0.317,0,0
13691.15,278292.38,264601.23,0,0.0492,0,0
1008.84,26632.87,25624.03,1,0.0379,0,0
8248.46,63969.47,55721.01,0,0.1289,0,0
199.61,7684.41,7484.8,1,0.026,0,0
999.52,36262.53,35263.0,0,0.0276,1,0
480.68,7521.74,7041.07,0,0.0639,1,0
5361.39,26055.63,20694.24,0,0.2058,0,0
28677.75,106530.34,77852.58,0,0.2692,0,0
72.74,4689.4,4616.66,0,0.0155,0,0
8737.27,159856.86,151119.58,0,0.0547,0,0
24.06,2291.23,2267.18,0,0.0105,0,0
5082.85,39396.19,34313.34,0,0.129,0,0
1550.0,19514.26,17964.26,7,0.0794,1,1
6496.41,29324.87,22828.46,7,0.2215,0,1
1993.61,17878.54,15884.93,0,0.1115,0,0
4494.09,34382.9,29888.81,1,0.1307,0,0
116.29,2845.51,2729.22,0,0.0409,0,0
9553.12,41808.9,32255.78,7,0.2285,1,1
1285.72,13563.27,12277.56,0,0.0948,0,0
1154.67,13880.94,12726.27,0,0.0832,0,0
657.97,25100.36,24442.38,0,0.0262,1,0
852.45,9010.54,8158.08,0,0.0946,0,0
1395.35,29565.66,28170.31,0,0.0472,0,0
779.6,29370.18,28590.58,1,0.0265,0,0
11904.36,143065.74,131161.37,0,0.0832,0,0
746.83,22249.65,21502.82,0,0.0336,0,0
53676.65,86490.99,32814.34,1,0.6206,0,1
3289.76,10464.81,7175.05,0,0.3144,0,0
85125.74,88649.58,3523.83,2,0.9602,0,1
3628.55,21168.0,17539.44,0,0.1714,0,0
1780.79,13542.11,11761.32,0,0.1315,0,0
2900.15,26588.67,23688.51,0,0.1091,1,0
53111.56,84548.37,31436.8,1,0.6282,1,1
263.36,16602.66,16339.31,0,0.0159,0,0
522.05,24612.96,24090.91,0,0.0212,0,0
21373.8,218703.67,197329.88,0,0.0977,0,0
4471.02,27002.13,22531.11,0,0.1656,0,0
7940.83,35875.25,27934.42,0,0.2213,1,0
2783.29,38849.5,36066.21,0,0.0716,0,0
42338.91,241123.81,198784.89,0,0.1756,0,0
11439.08,53361.84,41922.75,7,0.2144,0,1
75.57,22175.63,22100.06,0,0.0034,1,0
5234.23,29941.25,24707.02,0,0.1748,0,0
5738.07,21396.43,15658.36,0,0.2682,0,0
4199.49,21586.05,17386.57,0,0.1945,0,0
19785.32,25314.43,5529.11,3,0.7816,1,1
22008.54,251965.26,229956.72,0,0.0873,0,0
3145.36,25485.43,22340.07,1,0.1234,0,0
10184.67,44508.88,34324.21,6,0.2288,0,1
5748.7,18563.9,12815.19,7,0.3097,0,1
1251.66,26570.7,25319.04,0,0.0471,1,0
56614.97,82855.23,26240.26,5,0.6833,1,1
23413.08,176273.47,152860.39,0,0.1328,0,0
1165.19,24804.71,23639.52,0,0.047,0,0
292.56,3357.02,3064.45,0,0.0871,0,0
561.39,32818.82,32257.43,1,0.0171,0,0
1217.06,15775.08,14558.02,0,0.0772,0,0
28868.92,244620.13,215751.21,0,0.118,0,0
17873.87,210628.77,192754.9,0,0.0849,0,0
4118.53,28983.96,24865.43,0,0.1421,0,0
19.71,21839.62,21819.91,0,0.0009,0,0
77556.6,83706.52,6149.92,1,0.9265,1,1
2314.64,6986.55,4671.91,0,0.3313,0,0
1891.24,28492.22,26600.98,0,0.0664,0,0
35263.76,279618.42,244354.67,0,0.1261,0,0
979.76,18813.9,17834.14,0,0.0521,0,0
226.29,4944.54,4718.25,0,0.0458,1,0
17001.75,71728.79,54727.04,0,0.237,0,0
168.43,19886.64,19718.21,0,0.0085,0,0
5665.2,19859.55,14194.36,0,0.2853,0,0
5560.13,49996.68,44436.54,5,0.1112,0,1
37053.89,145893.25,108839.36,0,0.254,0,0
1471.68,39389.27,37917.59,0,0.0374,0,0
31847.03,32001.76,154.73,2,0.9952,1,1
1881.55,13754.32,11872.77,0,0.1368,0,0
2330.32,33260.93,30930.62,0,0.0701,0,0
1606.93,10159.87,8552.95,0,0.1582,0,0
30023.58,199419.34,169395.75,0,0.1506,0,0
362.39,10724.51,10362.11,0,0.0338,1,0
40.29,21957.83,21917.54,0,0.0018,0,0
957.0,16583.41,15626.41,0,0.0577,0,0
167.97,11670.29,11502.32,1,0.0144,1,0
7922.09,63888.27,55966.18,3,0.124,0,1
1540.7,11593.83,10053.14,0,0.1329,0,0
3060.54,30203.64,27143.1,0,0.1013,0,0
624.07,5052.28,4428.21,0,0.1235,0,0
11973.55,67420.53,55446.98,4,0.1776,0,1
454.83,21238.11,20783.28,0,0.0214,0,0
4046.08,23689.58,19643.5,0,0.1708,0,0
51777.33,52477.12,699.79,3,0.9867,1,1
13319.6,68786.33,55466.73,0,0.1936,0,0
7983.31,35896.97,27913.67,0,0.2224,0,0
595.79,20053.42,19457.63,0,0.0297,0,0
944.75,20332.1,19387.35,0,0.0465,0,0
21932.42,73237.58,51305.16,0,0.2995,0,0
16843.28,222734.49,205891.21,0,0.0756,0,0
307.5,16247.3,15939.81,0,0.0189,0,0
29260.49,169685.75,140425.26,0,0.1724,0,0
4876.46,28467.27,23590.81,0,0.1713,0,0
989.8,38969.99,37980.19,1,0.0254,0,0
388.52,34554.53,34166.02,2,0.0112,0,0
61812.33,119593.31,57780.98,4,0.5169,0,1
3164.95,66129.67,62964.72,3,0.0479,0,1
4261.57,19113.34,14851.77,0,0.223,0,0
109.31,22800.35,22691.04,0,0.0048,0,0
1977.93,31005.71,29027.78,0,0.0638,0,0
407.24,13697.13,13289.89,0,0.0297,0,0
33974.51,148382.46,114407.95,0,0.229,0,0
56912.54,59548.18,2635.64,3,0.9557,1,1
214.3,23002.75,22788.45,0,0.0093,0,0
14996.07,224645.81,209649.74,0,0.0668,0,0
8255.43,88860.43,80604.99,1,0.0929,0,0
4397.62,13612.58,9214.96,5,0.3231,1,1
429.46,22295.86,21866.4,0,0.0193,0,0
5565.73,13522.35,7956.62,0,0.4116,0,0
5781.31,38633.1,32851.78,0,0.1496,0,0
1485.93,37000.64,35514.71,0,0.0402,0,0
2367.23,10854.72,8487.49,0,0.2181,0,0
326.77,9005.99,8679.22,2,0.0363,0,0
4354.77,68169.32,63814.55,6,0.0639,1,1
4019.62,38786.9,34767.28,0,0.1036,0,0
937.76,18579.0,17641.23,0,0.0505,0,0
5601.62,31605.9,26004.28,0,0.1772,0,0
25571.73,75957.79,50386.06,0,0.3367,0,0
78.24,19676.6,19598.36,0,0.004,0,0
209.16,2423.87,2214.71,0,0.0863,0,0
1290.09,22317.34,21027.25,1,0.0578,0,0
3305.86,13493.3,10187.45,2,0.245,0,0
32998.38,189784.38,156786.0,0,0.1739,0,0
349.67,11334.05,10984.38,0,0.0309,1,0
1453.96,34104.23,32650.27,0,0.0426,0,0
88.44,8084.87,7996.43,0,0.0109,0,0
1093.97,24276.95,23182.98,0,0.0451,0,0
33225.01,257803.0,224578.0,0,0.1289,0,0
2893.86,58249.38,55355.52,4,0.0497,0,1
679.12,12595.17,11916.04,0,0.0539,0,0
3682.54,36392.97,32710.43,1,0.1012,0,0
12105.45,290217.26,278111.81,0,0.0417,0,0
2226.08,34572.81,32346.73,2,0.0644,0,0
11053.65,159118.09,148064.44,0,0.0695,0,0
29644.43,192847.41,163202.98,0,0.1537,0,0
137.36,25489.79,25352.43,0,0.0054,1,0
33478.54,34374.77,896.23,2,0.9739,0,1
5977.25,282465.75,276488.5,1,0.0212,0,0
2511.1,30805.54,28294.44,0,0.0815,0,0
800.3,27118.54,26318.25,0,0.0295,0,0
866.53,12727.82,11861.29,0,0.0681,0,0
3653.42,38115.64,34462.22,0,0.0959,0,0
855.87,7565.89,6710.02,0,0.1131,0,0
3540.03,54005.17,50465.14,6,0.0655,1,1
4197.91,23214.97,19017.06,1,0.1808,0,0
1172.54,21247.05,20074.5,0,0.0552,0,0
42737.09,293154.5,250417.4,0,0.1458,0,0
797.11,14227.28,13430.17,2,0.056,0,0
29062.48,256219.85,227157.36,0,0.1134,0,0
3421.42,19593.01,16171.59,0,0.1746,0,0
689.34,6162.39,5473.05,0,0.1119,0,0
375.27,10083.11,9707.83,0,0.0372,0,0
5142.53,16498.05,11355.52,0,0.3117,0,0
1851.89,7429.74,5577.85,0,0.2493,0,0
1730.19,24676.08,22945.88,0,0.0701,0,0
9299.97,169548.82,160248.84,0,0.0549,0,0
289.58,10499.66,10210.09,0,0.0276,1,0
2265.16,17407.92,15142.76,0,0.1301,0,0
7952.58,37413.05,29460.47,0,0.2126,0,0
33395.82,141381.03,107985.21,0,0.2362,0,0
38525.97,208463.27,169937.3,0,0.1848,0,0
924.16,5094.75,4170.6,0,0.1814,0,0
6624.27,34789.69,28165.42,1,0.1904,0,0
5074.56,34177.15,29102.6,0,0.1485,0,0
438.42,4752.98,4314.56,0,0.0922,0,0
3656.37,27234.75,23578.38,0,0.1343,0,0
5628.9,20968.83,15339.93,1,0.2684,0,0
4223.16,33784.71,29561.55,0,0.125,0,0
236.61,23308.24,23071.63,0,0.0102,0,0
463.15,3156.09,2692.94,0,0.1467,0,0
2437.4,18614.17,16176.77,0,0.1309,0,0
97.3,17531.9,17434.6,0,0.0055,0,0
323.21,17515.15,17191.94,0,0.0185,0,0
33083.53,35006.84,1923.3,2,0.9451,1,1
48011.53,53693.21,5681.69,3,0.8942,1,1
2909.05,18462.31,15553.26,0,0.1576,0,0
4582.03,24187.96,19605.93,1,0.1894,0,0
2160.57,10305.58,8145.0,0,0.2097,0,0
25289.39,135877.47,110588.07,0,0.1861,0,0
976.59,3634.53,2657.94,0,0.2687,0,0
1004.49,27130.85,26126.36,0,0.037,0,0
452.47,9546.15,9093.68,0,0.0474,0,0
56895.44,105138.19,48242.75,1,0.5411,0,1
31.39,5041.57,5010.18,1,0.0062,0,0
17.48,11179.44,11161.96,0,0.0016,1,0
20346.65,61251.0,40904.35,0,0.3322,0,0
3793.29,24320.8,20527.51,1,0.156,1,0
35162.05,36652.94,1490.89,2,0.9593,0,1
255.23,5612.15,5356.92,0,0.0455,0,0
10865.77,84152.99,73287.22,0,0.1291,0,0
7530.16,247191.25,239661.08,0,0.0305,0,0
3456.68,14121.76,10665.08,0,0.2448,0,0
5416.04,36535.41,31119.37,0,0.1482,0,0
81.67,4364.52,4282.85,1,0.0187,0,0
6169.62,29690.95,23521.33,0,0.2078,0,0
42196.63,47780.85,5584.22,2,0.8831,1,1
2843.93,38518.34,35674.41,0,0.0738,0,0
25445.69,26626.75,1181.06,3,0.9556,1,1
7033.42,7866.2,832.78,1,0.8941,0,1
1098.06,14413.77,13315.71,1,0.0762,0,0
4366.6,28568.97,24202.36,1,0.1528,0,0
28.91,3176.88,3147.97,0,0.0091,0,0
128.35,8280.81,8152.46,0,0.0155,0,0
1373.73,30162.07,28788.33,2,0.0455,0,0
1468.38,12077.69,10609.31,0,0.1216,0,0
1158.12,26026.72,24868.6,0,0.0445,0,0
3061.24,34968.04,31906.8,0,0.0875,0,0
3492.03,31176.67,27684.64,4,0.112,0,1
665.61,9937.54,9271.93,0,0.067,0,0
907.88,28846.08,27938.2,0,0.0315,0,0
877.95,19920.31,19042.36,0,0.0441,0,0
113.42,4584.39,4470.97,0,0.0247,0,0
726.92,3863.9,3136.97,0,0.1881,0,0
57331.92,57611.13,279.2,2,0.9952,0,1
3275.69,11890.9,8615.21,0,0.2755,0,0
3312.1,20704.21,17392.12,0,0.16,0,0
1348.83,25451.51,24102.68,0,0.053,0,0
53.25,14096.36,14043.11,0,0.0038,0,0
2028.37,21286.46,19258.08,0,0.0953,0,0
11639.15,16761.49,5122.34,3,0.6944,1,1
372.34,26064.77,25692.43,0,0.0143,0,0
753.64,10450.67,9697.03,0,0.0721,0,0
5591.03,29954.42,24363.39,1,0.1867,1,0
55.13,23360.21,23305.09,1,0.0024,0,0
744.95,19922.68,19177.73,0,0.0374,0,0
859.13,12134.73,11275.6,0,0.0708,1,0
1500.15,19652.46,18152.31,0,0.0763,1,0
29319.53,185738.8,156419.27,1,0.1579,0,0
1301.67,20968.97,19667.31,0,0.0621,0,0
130.62,19828.31,19697.69,0,0.0066,0,0
1305.01,23776.69,22471.68,0,0.0549,0,0
1626.4,37267.18,35640.78,0,0.0436,0,0
38051.65,198112.05,160060.4,0,0.1921,0,0
903.66,7437.09,6533.43,0,0.1215,0,0
213.5,35711.4,35497.9,0,0.006,0,0
11326.84,36868.43,25541.59,6,0.3072,1,1
11234.6,15368.29,4133.69,3,0.731,1,1
451.61,4064.62,3613.01,0,0.1111,0,0
6878.65,21335.22,14456.57,1,0.3224,0,0
3655.82,12312.03,8656.21,5,0.2969,1,1
860.21,26845.86,25985.65,1,0.032,0,0
429.62,9497.93,9068.31,0,0.0452,0,0
259.58,8559.84,8300.26,0,0.0303,0,0
71.59,38884.37,38812.78,0,0.0018,0,0
56171.94,65099.53,8927.59,2,0.8629,1,1
50635.56,107211.05,56575.49,4,0.4723,1,1
20302.46,31036.62,10734.16,3,0.6541,1,1
5882.65,288127.88,282245.23,1,0.0204,0,0
2786.93,16947.41,14160.47,0,0.1644,0,0
20466.79,22218.58,1751.79,2,0.9212,0,1
479.91,14762.46,14282.56,0,0.0325,1,0
127.92,3017.28,2889.36,0,0.0424,0,0
63.13,11911.75,11848.63,0,0.0053,0,0
711.63,33615.15,32903.53,1,0.0212,0,0
31.43,2963.75,2932.32,0,0.0106,0,0
15380.26,68095.23,52714.96,1,0.2259,0,0
72290.09,106751.92,34461.83,2,0.6772,1,1
311.94,2919.29,2607.35,0,0.1069,0,0
764.8,3784.65,3019.84,0,0.2021,0,0
15287.09,227677.68,212390.59,0,0.0671,0,0
39675.27,43630.94,3955.66,2,0.9093,1,1
1070.27,23408.78,22338.51,0,0.0457,0,0
31699.78,32382.27,682.49,2,0.9789,0,1
2348.37,37990.53,35642.16,0,0.0618,0,0
2415.19,13306.84,10891.65,1,0.1815,0,0
810.95,8275.65,7464.7,0,0.098,0,0
8889.42,9326.47,437.04,2,0.9531,1,1
4099.67,14342.13,10242.46,0,0.2858,0,0
50687.7,51778.05,1090.35,5,0.9789,0,1
1963.89,37391.62,35427.73,0,0.0525,0,0
2149.54,29864.58,27715.04,0,0.072,0,0
2183.1,14818.08,12634.98,0,0.1473,0,0
5194.42,5353.16,158.74,3,0.9703,1,1
66.75,12011.99,11945.24,2,0.0056,0,0
835.91,24066.57,23230.65,0,0.0347,0,0
639.88,19224.82,18584.94,1,0.0333,0,0
20323.09,25173.73,4850.64,4,0.8073,1,1
32598.76,193322.15,160723.39,1,0.1686,0,0
21131.96,69345.12,48213.16,0,0.3047,0,0
4088.64,35701.45,31612.81,0,0.1145,0,0
761.75,20039.66,19277.91,0,0.038,1,0
4948.61,31199.6,26251.0,0,0.1586,0,0
1838.34,15202.66,13364.32,0,0.1209,0,0
24724.42,33211.01,8486.58,3,0.7445,1,1
28744.59,207674.74,178930.15,1,0.1384,0,0
1706.86,27164.08,25457.22,6,0.0628,1,1
990.94,21481.99,20491.05,0,0.0461,0,0
156.88,2939.09,2782.22,0,0.0534,1,0
4969.38,21991.45,17022.07,0,0.226,0,0
1008.3,5073.05,4064.75,0,0.1988,0,0
5816.67,39793.49,33976.82,0,0.1462,0,0
557.35,32186.6,31629.25,1,0.0173,0,0
41502.31,185598.62,144096.31,0,0.2236,0,0
3925.55,38482.21,34556.66,0,0.102,0,0
9317.12,65912.75,56595.64,5,0.1414,1,1
7443.12,281009.38,273566.26,0,0.0265,0,0
13685.62,155397.12,141711.5,0,0.0881,0,0
580.93,9876.74,9295.81,0,0.0588,0,0
7907.36,147318.01,139410.65,0,0.0537,0,0
5965.37,16163.61,10198.24,0,0.3691,0,0
13944.1,170311.86,156367.76,1,0.0819,0,0
19773.21,143135.84,123362.63,0,0.1381,0,0
570.02,31489.86,30919.84,0,0.0181,0,0
10362.83,14975.11,4612.28,4,0.692,1,1
7278.16,73135.41,65857.25,4,0.0995,0,1
1155.14,38730.45,37575.31,0,0.0298,1,0
5766.16,27178.82,21412.66,0,0.2122,0,0
193.44,2203.65,2010.21,0,0.0878,0,0
60244.41,72344.99,12100.58,1,0.8327,1,1
1409.95,14272.35,12862.4,0,0.0988,0,0
21634.78,28484.38,6849.6,2,0.7595,1,1
39998.81,192578.51,152579.7,1,0.2077,0,0
2992.86,28095.23,25102.37,0,0.1065,0,0
13342.35,14509.32,1166.97,2,0.9196,1,1
9008.97,33764.99,24756.01,5,0.2668,0,1
1365.23,22118.56,20753.33,0,0.0617,1,0
17728.29,20541.58,2813.3,3,0.863,1,1
38773.34,219072.74,180299.4,0,0.177,0,0
6106.07,17048.93,10942.86,0,0.3581,0,0
3021.46,30498.5,27477.04,0,0.0991,0,0
17754.6,68840.6,51086.0,0,0.2579,0,0
327.4,3983.03,3655.63,0,0.0822,0,0
1865.8,19287.53,17421.73,0,0.0967,0,0
6095.22,15783.89,9688.66,0,0.3862,0,0
17899.15,201133.46,183234.31,0,0.089,0,0
1379.28,8075.01,6695.73,2,0.1708,0,0
7097.16,24130.08,17032.93,0,0.2941,0,0
93621.66,113056.78,19435.12,1,0.8281,1,1
23364.96,152306.66,128941.7,0,0.1534,0,0
4010.85,34648.91,30638.06,0,0.1158,0,0
19389.78,19911.6,521.82,2,0.9738,1,1
455.01,33366.72,32911.7,0,0.0136,0,0
2482.69,39455.07,36972.39,0,0.0629,1,0
5614.83,21007.52,15392.69,0,0.2673,0,0
69558.73,105830.97,36272.24,1,0.6573,0,1
7924.18,30523.36,22599.18,0,0.2596,0,0
4854.16,23877.33,19023.18,0,0.2033,0,0
1848.19,25249.73,23401.54,0,0.0732,0,0
913.56,9877.04,8963.49,0,0.0925,0,0
212.54,21315.84,21103.3,0,0.01,0,0
5389.64,27550.59,22160.95,0,0.1956,0,0
27901.74,85605.62,57703.88,0,0.3259,0,0
402.07,14365.33,13963.26,0,0.028,1,0
3126.2,28012.69,24886.49,0,0.1116,0,0
757.96,10427.62,9669.66,0,0.0727,0,0
428.9,17280.46,16851.56,2,0.0248,0,0
4028.28,27369.07,23340.79,0,0.1472,0,0
335.2,13402.55,13067.35,0,0.025,0,0
6379.71,29998.19,23618.48,0,0.2127,0,0
3651.39,24856.73,21205.34,0,0.1469,0,0
5840.59,40316.11,34475.52,6,0.1449,0,1
36451.95,218758.32,182306.37,0,0.1666,0,0
28796.44,29055.09,258.66,3,0.9911,0,1
2314.61,16267.14,13952.53,0,0.1423,0,0
3425.28,39046.36,35621.08,0,0.0877,1,0
147.44,17356.41,17208.98,0,0.0085,0,0
23645.69,78842.69,55197.01,0,0.2999,0,0
43502.92,136177.28,92674.36,0,0.3195,0,0
1487.25,22935.88,21448.63,0,0.0648,0,0
4296.49,50127.83,45831.33,4,0.0857,0,1
377.27,19067.63,18690.37,0,0.0198,0,0
703.72,20068.38,19364.66,0,0.0351,0,0
186.84,9608.21,9421.37,0,0.0194,0,0
1005.29,8764.61,7759.31,0,0.1147,0,0
6883.83,7282.7,398.87,2,0.9452,0,1
5236.4,36664.73,31428.32,0,0.1428,0,0
2644.63,28852.42,26207.79,0,0.0917,0,0
54785.96,66823.03,12037.07,1,0.8199,0,1
10657.44,48950.77,38293.32,3,0.2177,0,1
1495.81,13608.57,12112.76,2,0.1099,0,0
22239.41,279992.46,257753.05,0,0.0794,0,0
24260.87,29013.36,4752.48,3,0.8362,1,1
6583.92,37426.14,30842.22,0,0.1759,0,0
1230.58,33738.26,32507.68,1,0.0365,0,0
7613.21,34863.68,27250.47,0,0.2184,0,0
6822.59,39063.04,32240.45,1,0.1747,0,0
955.57,31099.01,30143.44,0,0.0307,0,0
3444.55,25348.48,21903.92,0,0.1359,0,0
1282.74,26311.33,25028.58,0,0.0488,0,0
2720.32,23394.18,20673.86,0,0.1163,0,0
406.0,3838.03,3432.03,0,0.1058,1,0
622.42,5605.79,4983.37,0,0.111,0,0
65.26,3223.46,3158.21,0,0.0202,0,0
1456.12,20797.39,19341.27,0,0.07,0,0
53492.34,59964.43,6472.08,2,0.8921,1,1
78.09,8990.85,8912.76,0,0.0087,1,0
83.77,6943.07,6859.29,0,0.0121,0,0
1100.71,9886.56,8785.84,0,0.1113,0,0
1733.92,39059.29,37325.37,0,0.0444,0,0
3170.55,38123.73,34953.18,0,0.0832,0,0
492.77,30154.35,29661.58,0,0.0163,0,0
127.75,5303.7,5175.96,0,0.0241,0,0
5520.98,26234.34,20713.36,0,0.2104,0,0
9905.85,10360.99,455.13,1,0.9561,1,1
355.27,3833.09,3477.82,0,0.0927,1,0
3902.06,19340.39,15438.32,0,0.2018,0,0
237.05,34358.94,34121.89,0,0.0069,0,0
4676.33,32529.5,27853.16,0,0.1438,0,0
44169.4,261655.92,217486.51,0,0.1688,0,0
1818.65,21332.62,19513.97,0,0.0853,0,0
13462.77,14729.59,1266.81,2,0.914,1,1
2596.13,35626.71,33030.59,1,0.0729,0,0
398.2,2770.27,2372.07,0,0.1437,0,0
603.74,17389.89,16786.15,0,0.0347,0,0
3400.24,33057.18,29656.95,0,0.1029,0,0
29273.26,271339.79,242066.53,0,0.1079,0,0
54520.86,107915.54,53394.68,4,0.5052,0,1
1481.34,28694.4,27213.05,0,0.0516,0,0
10035.02,10622.03,587.01,1,0.9447,1,1
19363.86,233204.54,213840.69,0,0.083,0,0
5426.62,28791.55,23364.93,0,0.1885,0,0
1459.81,24822.67,23362.87,0,0.0588,0,0
3804.15,22322.38,18518.23,0,0.1704,0,0
1184.29,29796.87,28612.57,0,0.0397,0,0
2538.14,37361.36,34823.22,2,0.0679,0,0
192.07,6213.13,6021.06,0,0.0309,1,0
860.82,73755.44,72894.62,3,0.0117,1,1
4229.26,29261.34,25032.07,0,0.1445,0,0
2819.15,39236.75,36417.6,0,0.0718,0,0
564.61,27046.94,26482.33,0,0.0209,0,0
52476.04,117080.51,64604.47,1,0.4482,0,1
6882.83,66596.65,59713.82,0,0.1034,0,0
61913.49,70101.09,8187.61,2,0.8832,0,1
387.34,10560.1,10172.76,0,0.0367,0,0
4968.47,16483.45,11514.98,1,0.3014,0,0
17904.51,60641.04,42736.53,0,0.2953,0,0
8703.14,30032.26,21329.12,6,0.2898,0,1
26319.09,26357.8,38.71,4,0.9985,1,1
7896.75,65491.59,57594.84,4,0.1206,0,1
18682.27,78417.48,59735.21,0,0.2382,0,0
3232.92,34796.81,31563.89,0,0.0929,1,0
42482.19,272136.44,229654.25,0,0.1561,0,0
338.0,14934.79,14596.79,0,0.0226,1,0
6293.74,36221.96,29928.22,0,0.1738,0,0
2252.87,17015.67,14762.8,0,0.1324,0,0
1112.48,6566.05,5453.57,0,0.1694,0,0
24502.66,29726.3,5223.64,4,0.8243,1,1
19300.53,180086.01,160785.47,0,0.1072,0,0
38664.62,147688.04,109023.42,0,0.2618,0,0
877.48,15936.58,15059.1,0,0.0551,1,0
885.53,4772.8,3887.27,0,0.1855,0,0
695.43,9504.48,8809.05,0,0.0732,0,0
1846.05,21781.66,19935.62,0,0.0848,0,0
430.59,38123.04,37692.46,1,0.0113,0,0
18408.84,19746.66,1337.83,2,0.9323,0,1
30324.06,276100.33,245776.28,0,0.1098,0,0
2531.93,12644.57,10112.64,0,0.2002,1,0
2718.1,9799.79,7081.69,0,0.2774,0,0
2845.35,27730.58,24885.24,0,0.1026,1,0
73974.53,86745.82,12771.29,2,0.8528,1,1
1647.97,16336.86,14688.88,1,0.1009,0,0
2749.33,38983.91,36234.58,2,0.0705,0,0
4642.77,35431.14,30788.37,0,0.131,0,0
6187.66,23783.86,17596.2,1,0.2602,0,0
2424.71,39219.13,36794.42,0,0.0618,0,0
1804.87,38795.16,36990.29,0,0.0465,0,0
6686.67,7757.52,1070.85,4,0.862,1,1
32861.23,159086.22,126224.99,0,0.2066,0,0
1445.69,21478.19,20032.51,2,0.0673,0,0
439.23,9314.27,8875.04,1,0.0472,0,0
608.03,3522.63,2914.6,0,0.1726,0,0
58.62,23981.0,23922.38,0,0.0024,0,0
806.94,29605.55,28798.61,0,0.0273,0,0
1113.35,15840.66,14727.31,0,0.0703,0,0
638.3,17304.64,16666.34,0,0.0369,0,0
4312.08,31444.29,27132.22,0,0.1371,1,0
257.42,23348.32,23090.9,0,0.011,0,0
359.1,14196.26,13837.16,0,0.0253,1,0
7484.84,90599.93,83115.1,0,0.0826,0,0
12354.28,14132.43,1778.14,2,0.8742,1,1
718.69,37830.68,37111.99,0,0.019,0,0
5106.75,36246.23,31139.48,0,0.1409,0,0
29377.99,208458.7,179080.71,1,0.1409,0,0
4852.09,38206.57,33354.49,0,0.127,1,0
16837.47,65237.62,48400.14,1,0.2581,0,0
1109.99,11210.31,10100.31,0,0.099,0,0
937.22,14726.41,13789.19,0,0.0636,0,0
8379.58,59938.56,51558.99,4,0.1398,1,1
544.43,27010.07,26465.64,0,0.0202,0,0
5279.54,24978.97,19699.43,0,0.2114,0,0
2082.21,19291.7,17209.5,3,0.1079,0,1
3633.7,14186.76,10553.06,0,0.2561,0,0
4181.48,19493.61,15312.14,0,0.2145,1,0
127.4,4925.24,4797.84,1,0.0259,0,0
1248.54,17623.48,16374.94,0,0.0708,0,0
5398.78,28677.36,23278.58,0,0.1883,0,0
53.28,2364.25,2310.98,0,0.0225,0,0
1660.5,27393.86,25733.36,0,0.0606,0,0
3626.3,25413.53,21787.23,0,0.1427,1,0
4393.23,32202.83,27809.6,0,0.1364,0,0
5154.42,30351.55,25197.14,0,0.1698,0,0
4319.07,31254.6,26935.54,0,0.1382,0,0
5916.56,25824.02,19907.46,0,0.2291,0,0
882.56,32795.58,31913.02,0,0.0269,0,0
240.27,3718.64,3478.37,0,0.0646,0,0
1539.96,18570.68,17030.72,0,0.0829,0,0
1270.52,18699.03,17428.51,0,0.0679,0,0
367.74,10497.97,10130.24,0,0.035,1,0
2789.35,10254.87,7465.52,1,0.272,0,0
900.38,32777.91,31877.53,0,0.0275,1,0
5184.03,33229.89,28045.87,0,0.156,0,0
1200.15,25775.58,24575.43,0,0.0466,0,0
3228.6,31589.64,28361.03,1,0.1022,0,0
22184.83,96418.3,74233.47,0,0.2301,0,0
38.9,2367.32,2328.42,0,0.0164,0,0
25388.91,239243.55,213854.64,1,0.1061,0,0
255.4,24724.7,24469.29,0,0.0103,0,0
74.92,8155.35,8080.44,0,0.0092,0,0
1806.18,33629.81,31823.63,0,0.0537,0,0
2390.62,20637.27,18246.64,0,0.1158,0,0
437.72,6644.9,6207.17,0,0.0659,0,0
116.85,5712.71,5595.86,0,0.0205,0,0
33291.16,186011.84,152720.69,0,0.179,0,0
431.75,27748.73,27316.98,0,0.0156,0,0
3577.76,25157.04,21579.28,0,0.1422,0,0
2354.81,2652.09,297.28,2,0.8879,1,1
4304.16,28391.93,24087.77,0,0.1516,0,0
101.41,23951.0,23849.59,2,0.0042,0,0
6592.07,25891.41,19299.34,0,0.2546,0,0
9521.18,12547.27,3026.09,4,0.7588,1,1
18925.21,113917.78,94992.56,0,0.1661,0,0
759.85,7253.33,6493.49,0,0.1048,0,0
2477.22,24104.24,21627.02,0,0.1028,0,0
7211.74,67162.36,59950.61,7,0.1074,0,1
3099.43,9548.0,6448.57,0,0.3246,0,0
1699.59,24653.42,22953.83,0,0.0689,0,0
125.79,3816.08,3690.29,0,0.033,0,0
2345.34,15327.24,12981.9,0,0.153,0,0
30497.82,215686.81,185189.0,0,0.1414,0,0
1245.77,15495.01,14249.24,0,0.0804,0,0
3182.98,36956.25,33773.27,0,0.0861,0,0
7615.43,37084.42,29468.98,0,0.2054,0,0
2527.6,9184.95,6657.35,0,0.2752,0,0
3985.59,4519.31,533.73,2,0.8819,0,1
7447.73,33865.95,26418.22,0,0.2199,0,0
3003.44,17191.93,14188.5,0,0.1747,0,0
6424.37,37262.19,30837.81,0,0.1724,0,0
2605.81,18442.85,15837.03,0,0.1413,0,0
641.97,5089.71,4447.74,0,0.1261,0,0
1404.29,19401.3,17997.01,0,0.0724,0,0
732.99,13282.86,12549.87,0,0.0552,0,0
3412.87,27361.15,23948.28,0,0.1247,0,0
5983.37,32671.05,26687.68,2,0.1831,0,0
540.73,29211.49,28670.76,0,0.0185,0,0
113.93,3919.28,3805.35,0,0.0291,0,0
51451.22,65814.01,14362.79,2,0.7818,1,1
5550.8,54386.98,48836.17,7,0.1021,0,1
5953.16,15913.69,9960.52,0,0.3741,0,0
1578.95,17414.52,15835.57,1,0.0907,0,0
57152.71,59721.06,2568.35,2,0.957,1,1
36064.63,36115.3,71.94,2,0.9986,1,1
15268.49,15776.37,507.88,2,0.9678,1,1
483.07,35434.56,34951.48,0,0.0136,0,0
1455.01,16369.85,14914.84,0,0.0889,0,0
21436.0,169654.69,148218.7,0,0.1264,0,0
274.89,5509.55,5234.66,0,0.0499,1,0
15743.96,292158.75,276414.79,0,0.0539,0,0
219.57,14128.99,13909.42,0,0.0155,1,0
36432.34,163633.22,127200.88,0,0.2226,0,0
259.93,9974.86,9714.93,0,0.0261,0,0
878.35,21157.05,20278.7,0,0.0415,0,0
15264.41,104890.5,89626.09,0,0.1455,0,0
4101.33,16574.31,12472.99,0,0.2475,0,0
78470.81,111962.87,33492.06,1,0.7009,0,1
5666.71,21127.11,15460.4,0,0.2682,0,0
27568.72,154809.73,127241.01,0,0.1781,0,0
82.25,10542.87,10460.62,0,0.0078,0,0
50891.28,54696.25,3804.97,1,0.9304,1,1
25731.22,34837.67,9106.45,2,0.7386,1,1
1111.08,15616.27,14505.19,0,0.0711,0,0
4274.84,36988.75,32713.91,0,0.1156,0,0
306.97,6932.61,6625.64,0,0.0443,0,0
2351.23,16492.73,14141.5,0,0.1426,1,0
11261.29,28779.15,17517.86,4,0.3913,1,1
14291.59,294020.92,279729.33,0,0.0486,0,0
36144.05,200643.93,164499.88,0,0.1801,0,0
573.53,28292.58,27719.05,0,0.0203,1,0
3581.73,14427.26,10845.53,0,0.2483,0,0
6083.88,36622.58,30538.7,0,0.1661,0,0
21604.29,265686.97,244082.68,0,0.0813,0,0
28.49,4314.41,4285.92,0,0.0066,0,0
611.94,22958.3,22346.36,0,0.0267,0,0
3796.21,24048.32,20252.11,0,0.1579,0,0
1196.03,18345.42,17149.39,0,0.0652,1,0
3679.36,4076.83,397.47,1,0.9025,1,1
33724.92,255116.58,221391.65,1,0.1322,0,0
1116.85,33709.41,32592.56,1,0.0331,0,0
10420.67,148564.26,138143.58,0,0.0701,0,0
3150.03,35354.48,32204.45,0,0.0891,0,0
1502.43,20391.65,18889.22,0,0.0737,0,0
1776.29,10526.15,8749.87,0,0.1687,0,0
3809.45,23731.05,19921.59,1,0.1605,0,0
6033.0,22702.54,16669.54,7,0.2657,0,1
3206.76,38327.24,35120.48,1,0.0837,0,0
3782.91,18144.33,14361.42,0,0.2085,0,0
10399.82,131806.92,121407.1,0,0.0789,0,0
868.76,26520.55,25651.8,0,0.0328,0,0
14811.17,155324.85,140513.68,0,0.0954,0,0
1177.87,8025.48,6847.61,1,0.1468,0,0
747.18,9734.35,8987.17,0,0.0768,0,0
2435.45,19854.13,17418.67,0,0.1227,0,0
651.78,30540.68,29888.9,0,0.0213,0,0
279.68,16727.52,16447.84,0,0.0167,0,0
206.78,12356.18,12149.41,0,0.0167,0,0
3185.18,61129.45,57944.27,3,0.0521,0,1
1187.77,28361.59,27173.82,0,0.0419,0,0
27448.23,174824.84,147376.62,0,0.157,0,0
1946.98,31259.0,29312.01,1,0.0623,0,0
80.36,2522.33,2441.97,0,0.0319,0,0
228.16,33305.94,33077.78,0,0.0069,0,0
1262.53,5168.4,3905.87,0,0.2443,0,0
6091.61,25992.0,19900.4,0,0.2344,0,0
18286.93,217578.54,199291.61,0,0.084,0,0
1345.7,27143.65,25797.96,0,0.0496,0,0
5907.02,19145.81,13238.79,0,0.3085,0,0
1582.88,38856.66,37273.78,0,0.0407,0,0
14659.86,299430.79,284770.93,0,0.049,0,0
293.37,33935.39,33642.03,0,0.0086,1,0
5556.91,29626.47,24069.57,0,0.1876,0,0
18.99,25496.93,25477.95,1,0.0007,0,0
7861.71,29883.6,22021.89,5,0.2631,1,1
27.63,34693.43,34665.8,1,0.0008,0,0
372.3,18768.94,18396.64,0,0.0198,0,0
1889.56,12520.72,10631.15,1,0.1509,0,0
254.63,27223.14,26968.51,0,0.0094,0,0
1249.53,12588.57,11339.03,0,0.0993,0,0
2489.37,27355.3,24865.94,0,0.091,0,0
318.57,6364.53,6045.96,0,0.0501,0,0
4617.59,56956.73,52339.14,5,0.0811,0,1
2069.78,15208.04,13138.26,0,0.1361,0,0
116.01,15660.37,15544.36,0,0.0074,0,0
480.82,11211.57,10730.75,0,0.0429,0,0
42537.27,214236.2,171698.93,1,0.1986,0,0
68653.69,116576.67,47922.99,5,0.5889,0,1
107.37,11811.43,11704.06,0,0.0091,1,0
25947.28,28824.65,2877.37,2,0.9002,1,1
36594.58,167359.78,130765.2,0,0.2187,0,0
613.43,36530.33,35916.9,0,0.0168,0,0
2071.37,22040.19,19968.81,0,0.094,0,0
5144.24,38858.18,33713.93,1,0.1324,0,0
3695.35,17609.53,13914.18,0,0.2098,0,0
330.55,4591.42,4260.88,0,0.072,1,0
273.75,10549.29,10275.54,0,0.0259,1,0
46314.73,49509.51,3194.78,2,0.9355,0,1
7761.04,31130.65,23369.6,1,0.2493,0,0
14516.13,16995.2,2479.07,2,0.8541,1,1
1425.32,10406.42,8981.09,0,0.137,0,0
201.95,6975.78,6773.83,0,0.029,1,0
28661.35,33247.9,4586.55,2,0.862,1,1
335.81,6449.58,6113.77,0,0.0521,0,0
5985.16,22129.55,16144.39,0,0.2705,0,0
2127.07,21634.54,19507.46,0,0.0983,0,0
515.8,36960.6,36444.8,0,0.014,0,0
158.7,5553.76,5395.07,1,0.0286,0,0
2080.87,35606.67,33525.8,0,0.0584,0,0
365.12,39376.7,39011.58,0,0.0093,0,0
6234.31,28084.5,21850.19,0,0.222,0,0
32718.87,253443.96,220725.09,0,0.1291,0,0
162.77,1811.97,1649.2,0,0.0898,1,0
1257.77,32519.06,31261.29,0,0.0387,0,0
7676.56,49131.42,41454.86,6,0.1562,1,1
4391.74,23117.75,18726.01,4,0.19,0,1
1906.17,37803.63,35897.46,0,0.0504,1,0
313.69,2269.67,1955.98,0,0.1382,0,0
7988.96,22867.47,14878.51,0,0.3494,0,0
31496.25,109152.58,77656.33,0,0.2886,0,0
5158.6,24456.06,19297.46,0,0.2109,0,0
32262.16,131114.91,98852.75,0,0.2461,0,0
92406.78,115474.1,23067.32,2,0.8002,0,1
2093.61,28377.72,26284.11,0,0.0738,0,0
290.16,32372.11,32081.95,1,0.009,0,0
37477.37,41294.84,3817.47,2,0.9076,1,1
3731.23,16248.65,12517.43,0,0.2296,0,0
301.74,8030.73,7728.99,0,0.0376,1,0
204.99,4053.5,3848.51,0,0.0506,0,0
381.55,14011.85,13630.3,0,0.0272,0,0
3112.62,30337.88,27225.26,0,0.1026,0,0
750.29,30346.66,29596.37,0,0.0247,0,0
2135.85,28309.46,26173.62,0,0.0754,0,0
2003.36,16005.91,14002.55,1,0.1252,0,0
84572.72,109298.49,24725.77,1,0.7738,1,1
1013.88,16841.36,15827.48,0,0.0602,0,0
17187.17,249607.3,232420.14,0,0.0689,0,0
3445.95,20596.92,17150.97,0,0.1673,0,0
2436.45,12446.52,10010.07,0,0.1958,0,0
4452.45,38222.21,33769.76,0,0.1165,0,0
144.52,3374.09,3229.57,0,0.0428,0,0
29801.44,106967.65,77166.21,0,0.2786,0,0
87.09,12739.77,12652.68,0,0.0068,0,0
4878.39,30846.53,25968.13,0,0.1582,0,0
1523.52,37713.41,36189.89,0,0.0404,0,0
72.41,13625.74,13553.32,0,0.0053,1,0
7678.19,32990.61,25312.42,0,0.2327,0,0
6239.44,33284.38,27044.94,0,0.1875,0,0
2487.83,12381.67,9893.84,0,0.2009,0,0
31628.83,33961.71,2332.88,1,0.9313,1,1
1429.93,8564.78,7134.85,0,0.167,0,0
8524.13,8867.8,343.67,2,0.9612,0,1
34442.03,36188.13,1746.1,2,0.9517,0,1
227.24,6806.66,6579.42,0,0.0334,0,0
164.17,6051.53,5887.36,0,0.0271,1,0
1037.82,30473.13,29435.31,0,0.0341,0,0
3835.47,38503.83,34668.35,2,0.0996,0,0
47090.3,52027.5,4937.21,3,0.9051,1,1
21861.27,64321.57,42460.31,0,0.3399,0,0
217.05,27111.07,26894.02,0,0.008,0,0
4829.98,5807.4,977.42,3,0.8317,1,1
35589.07,37346.36,1757.29,1,0.9529,1,1
51695.95,56380.87,4684.92,2,0.9169,1,1
1568.92,10505.07,8936.14,0,0.1493,0,0
18185.73,95711.03,77525.3,1,0.19,0,0
5552.94,18656.65,13103.71,0,0.2976,0,0
37899.51,122600.44,84700.93,0,0.3091,0,0
199.57,3164.8,2965.22,1,0.0631,0,0
50191.65,53002.71,2811.06,2,0.947,0,1
24315.94,90936.62,66620.68,0,0.2674,0,0
161.33,2278.83,2117.5,0,0.0708,1,0
33.58,2308.11,2274.53,0,0.0145,0,0
97.63,2943.71,2846.08,1,0.0332,0,0
13182.82,70059.65,56876.83,0,0.1882,0,0
2888.1,10928.99,8040.89,0,0.2643,1,0
24624.54,165968.16,141343.62,0,0.1484,0,0
5616.61,247613.34,241996.74,0,0.0227,0,0
40948.27,152824.85,111876.58,0,0.2679,0,0
64508.16,119978.8,55470.65,5,0.5377,1,1
3481.06,28794.3,25313.24,1,0.1209,0,0
33295.88,166150.51,132854.63,0,0.2004,0,0
2495.95,38701.24,36205.29,0,0.0645,0,0
30462.83,33597.42,3134.6,3,0.9067,0,1
3149.99,15118.48,11968.49,0,0.2084,0,0
37256.01,131825.49,94569.48,0,0.2826,0,0
667.22,3093.74,2426.52,0,0.2157,0,0
4853.51,36989.06,32135.55,0,0.1312,0,0
1225.86,24377.04,23151.17,0,0.0503,0,0
986.12,36037.33,35051.21,0,0.0274,1,0
467.05,35198.09,34731.03,0,0.0133,0,0
318.41,8323.37,8004.96,0,0.0383,1,0
4799.42,35866.72,31067.3,0,0.1338,0,0
14165.14,102886.31,88721.16,1,0.1377,0,0
2354.44,31270.61,28916.17,0,0.0753,0,0
24115.63,292286.38,268170.76,0,0.0825,0,0
3326.32,17479.06,14152.74,0,0.1903,0,0
9642.26,106846.52,97204.26,0,0.0902,0,0
5668.96,34914.69,29245.73,0,0.1624,1,0
1513.59,14526.28,13012.69,0,0.1042,0,0
1718.43,9408.41,7689.99,0,0.1826,0,0
18665.55,25278.52,6612.97,2,0.7384,1,1
28653.7,139787.45,111133.75,0,0.205,0,0
34934.23,266103.43,231169.19,0,0.1313,0,0
3801.82,29953.11,26151.29,1,0.1269,0,0
3053.82,22069.32,19015.5,1,0.1384,0,0
1519.33,23896.72,22377.39,0,0.0636,0,0
16017.87,162000.58,145982.71,0,0.0989,0,0
2126.59,17537.08,15410.49,0,0.1213,0,0
32120.65,143474.21,111353.56,0,0.2239,0,0
1451.75,24252.33,22800.59,0,0.0599,0,0
4337.29,29084.61,24747.32,0,0.1491,0,0
26066.22,179420.57,153354.34,0,0.1453,0,0
36065.6,279713.52,243647.91,0,0.1289,0,0
10186.0,38130.19,27944.19,4,0.2671,1,1
1959.39,22627.97,20668.58,0,0.0866,0,0
25233.66,102850.72,77617.06,0,0.2453,0,0
6771.97,20311.87,13539.9,0,0.3334,0,0
131.25,10706.36,10575.11,0,0.0123,0,0
19734.98,230974.57,211239.59,0,0.0854,0,0
1591.51,39977.72,38386.21,0,0.0398,0,0
37.47,8114.4,8076.93,0,0.0046,1,0
2183.28,5736.3,3553.02,0,0.3806,0,0
2736.59,31195.98,28459.4,0,0.0877,0,0
19710.99,284135.75,264424.77,0,0.0694,0,0
21583.14,79057.58,57474.44,0,0.273,0,0
2165.12,33340.24,31175.12,0,0.0649,0,0
22290.3,25256.75,2966.45,2,0.8825,1,1
14914.42,21898.91,6984.49,2,0.6811,1,1
20053.75,22568.91,2515.16,3,0.8886,1,1
30.62,2459.92,2429.3,1,0.0124,0,0
4375.57,17129.68,12754.11,0,0.2554,0,0
1304.69,3728.49,2423.8,0,0.3499,0,0
267.84,6488.38,6220.54,0,0.0413,1,0
288.97,7495.88,7206.9,0,0.0386,0,0
30324.27,140959.09,110634.81,0,0.2151,0,0
1287.96,31412.13,30124.16,1,0.041,0,0
1048.09,11135.16,10087.07,0,0.0941,0,0
2883.33,23864.06,20980.73,0,0.1208,0,0
4256.26,34222.58,29966.32,0,0.1244,0,0
3011.39,17625.5,14614.11,1,0.1709,0,0
77030.64,86842.83,9812.19,4,0.887,1,1
293.23,8372.71,8079.48,2,0.035,0,0
3268.89,36465.45,33196.56,0,0.0896,1,0
1067.22,23028.11,21960.89,1,0.0463,0,0
1314.16,26343.38,25029.22,0,0.0499,0,0
1598.02,39778.6,38180.59,0,0.0402,1,0
262.76,10904.13,10641.37,0,0.0241,0,0
716.33,6582.28,5865.94,0,0.1088,0,0
31184.85,143103.85,111919.0,0,0.2179,0,0
2147.27,20676.17,18528.91,1,0.1039,0,0
13568.91,14242.73,673.82,2,0.9527,1,1
48.0,2118.62,2070.62,0,0.0227,0,0
206.43,29905.9,29699.47,0,0.0069,0,0
18819.23,198475.59,179656.35,0,0.0948,0,0
1697.82,13410.25,11712.43,0,0.1266,0,0
1951.83,16740.14,14788.32,0,0.1166,0,0
486.83,16007.58,15520.76,0,0.0304,0,0
749.99,2877.41,2127.41,0,0.2606,0,0
7190.77,35804.67,28613.89,0,0.2008,1,0
1127.39,20430.68,19303.29,0,0.0552,0,0
16934.89,106970.36,90035.46,0,0.1583,0,0
31519.39,35712.07,4192.68,3,0.8826,1,1
5074.84,32751.62,27676.78,0,0.1549,0,0
3375.12,21448.21,18073.09,0,0.1574,0,0
4429.43,35653.63,31224.2,0,0.1242,0,0
978.38,16097.0,15118.62,0,0.0608,0,0
3751.67,32001.08,28249.41,0,0.1172,1,0
15359.84,225897.7,210537.86,1,0.068,0,0
54610.81,57101.04,2490.24,1,0.9564,0,1
5157.65,31019.96,25862.3,2,0.1663,0,0
27652.47,30798.38,3145.91,2,0.8979,0,1
105.7,2286.56,2180.86,1,0.0462,1,0
599.23,3131.33,2532.1,0,0.1914,0,0
6808.84,24877.88,18069.04,0,0.2737,0,0
16283.32,115107.01,98823.69,0,0.1415,0,0
249.97,38185.88,37935.91,0,0.0065,0,0
5976.33,226794.95,220818.62,0,0.0264,0,0
1906.69,19602.73,17696.04,1,0.0973,0,0
377.93,4680.35,4302.42,0,0.0807,0,0
8687.23,31788.76,23101.53,4,0.2733,0,1
2149.97,17991.35,15841.38,0,0.1195,0,0
137.18,8973.56,8836.38,0,0.0153,1,0
2672.66,3011.14,338.48,3,0.8876,0,1
89.2,9918.67,9829.46,0,0.009,1,0
3359.68,35848.8,32489.12,0,0.0937,0,0
2412.54,24690.73,22278.19,0,0.0977,0,0
42507.28,271037.62,228530.34,0,0.1568,0,0
1596.2,28317.94,26721.74,0,0.0564,0,0
18876.53,245176.84,226300.31,0,0.077,0,0
29619.47,33355.36,3735.89,4,0.888,1,1
1139.12,8316.72,7177.6,0,0.137,0,0
339.35,4388.77,4049.43,0,0.0773,1,0
7964.23,32045.06,24080.83,0,0.2485,0,0
275.08,15549.14,15274.06,0,0.0177,0,0
5044.48,130997.78,125953.3,0,0.0385,0,0
36316.87,206257.9,169941.03,0,0.1761,0,0
770.96,20463.13,19692.17,0,0.0377,0,0
2505.36,25662.2,23156.85,0,0.0976,0,0
3316.04,18202.82,14886.77,0,0.1822,0,0
429.3,20130.3,19701.0,0,0.0213,0,0
1504.76,35115.5,33610.74,1,0.0429,0,0
19208.68,66958.26,47749.58,0,0.2869,0,0
1009.53,14175.25,13165.72,0,0.0712,0,0
15.67,6691.09,6675.42,0,0.0023,1,0
1067.79,27658.77,26590.99,0,0.0386,0,0
115.53,3807.91,3692.38,0,0.0303,1,0
40705.89,44770.77,4064.88,3,0.9092,1,1
2123.42,17054.56,14931.14,0,0.1245,0,0
6542.72,39217.96,32675.23,0,0.1668,0,0
94.74,5725.69,5630.95,0,0.0165,0,0
206.65,10729.54,10522.89,0,0.0193,1,0
2309.85,33912.46,31602.61,2,0.0681,0,0
42.8,2321.16,2278.35,1,0.0184,0,0
163.33,2738.44,2575.11,0,0.0596,0,0
31.88,31411.81,31379.93,0,0.001,0,0
124.72,5467.21,5342.49,0,0.0228,0,0
1782.79,11841.94,10059.15,0,0.1505,0,0
19387.02,262767.38,243380.36,0,0.0738,0,0
10224.22,66837.52,56613.3,4,0.153,1,1
23198.41,204504.44,181306.03,0,0.1134,0,0
10807.82,56164.1,45356.28,4,0.1924,1,1
1045.65,12988.77,11943.12,0,0.0805,0,0
53331.36,55018.98,1687.62,5,0.9693,0,1
93.47,7809.71,7716.24,0,0.012,0,0
5674.5,24590.1,18915.6,0,0.2308,0,0
17814.44,92409.15,74594.72,1,0.1928,0,0
27977.14,246075.78,218098.64,0,0.1137,0,0
2472.75,33485.11,31012.36,1,0.0738,1,0
810.74,27518.27,26707.54,0,0.0295,0,0
4561.22,21346.32,16785.1,0,0.2137,0,0
178.35,10852.94,10674.59,0,0.0164,0,0
902.31,20605.71,19703.4,0,0.0438,0,0
47737.94,51185.38,3447.44,1,0.9326,1,1
515.44,30480.83,29965.39,1,0.0169,0,0
468.26,14147.44,13679.18,0,0.0331,0,0
1219.9,18763.46,17543.56,0,0.065,0,0
23279.8,31229.07,7949.27,3,0.7455,1,1
6687.07,8825.52,2138.45,3,0.7577,1,1
112.07,33647.55,33535.48,0,0.0033,0,0
81.16,12906.34,12825.18,0,0.0063,1,0
1012.36,31092.35,30080.0,2,0.0326,1,0
3178.79,39418.5,36239.71,0,0.0806,0,0
4232.27,25324.36,21092.09,0,0.1671,0,0
16822.82,86494.62,69671.79,0,0.1945,0,0
1629.13,28783.78,27154.64,0,0.0566,0,0
1798.1,31156.97,29358.86,0,0.0577,0,0
31047.91,267336.8,236288.89,0,0.1161,0,0
248.46,30315.04,30066.58,0,0.0082,0,0
12403.48,128558.08,116154.6,1,0.0965,0,0
167.01,15531.41,15364.4,1,0.0108,1,0
887.28,22489.25,21601.97,0,0.0395,1,0
305.86,12097.27,11791.41,0,0.0253,1,0
31812.19,35159.04,3346.85,4,0.9048,0,1
29751.94,33414.13,3662.18,2,0.8904,1,1
240.49,9534.68,9294.19,0,0.0252,1,0
232.87,13415.97,13183.09,2,0.0174,0,0
4767.91,16764.18,11996.27,0,0.2844,0,0
24051.49,25497.01,1445.52,3,0.9433,0,1
4257.6,15558.26,11300.66,1,0.2737,0,0
630.17,24538.03,23907.86,0,0.0257,0,0
1848.97,26351.4,24502.43,0,0.0702,0,0
57467.26,62046.59,4579.33,2,0.9262,0,1
24867.52,121555.33,96687.81,1,0.2046,0,0
980.68,13323.03,12342.35,2,0.0736,0,0
38137.55,200789.74,162652.19,0,0.1899,0,0
846.43,34249.41,33402.98,0,0.0247,0,0
3570.78,16285.66,12714.88,1,0.2193,0,0
34.25,37167.16,37132.92,0,0.0009,0,0
7098.39,29586.32,22487.93,0,0.2399,0,0
2343.52,19113.31,16769.79,0,0.1226,0,0
21561.12,228495.42,206934.3,0,0.0944,0,0
8172.1,235763.78,227591.68,0,0.0347,0,0
538.18,5674.39,5136.21,0,0.0948,0,0
18392.04,61484.12,43092.08,1,0.2991,0,0
35572.51,39741.01,4168.5,3,0.8951,1,1
4923.14,29322.87,24399.73,0,0.1679,0,0
7056.61,36101.92,29045.31,0,0.1955,0,0
2918.98,34296.63,31377.65,1,0.0851,0,0
7725.66,78668.45,70942.79,1,0.0982,0,0
2026.72,18974.17,16947.46,0,0.1068,0,0
20291.45,22094.67,1803.22,2,0.9184,0,1
1880.79,10635.92,8755.13,0,0.1768,1,0
40642.02,145745.02,105103.0,0,0.2789,0,0
2424.13,39153.09,36728.95,1,0.0619,0,0
7440.02,35373.59,27933.58,0,0.2103,0,0
35184.87,147934.24,112749.37,0,0.2378,0,0
987.47,19084.76,18097.29,0,0.0517,0,0
39750.29,239596.51,199846.22,0,0.1659,0,0
725.7,9915.84,9190.14,0,0.0732,0,0
31233.38,232962.33,201728.95,0,0.1341,0,0
1127.74,8164.72,7036.98,0,0.1381,1,0
409.99,5322.97,4912.98,0,0.077,0,0
3361.33,23471.96,20110.63,0,0.1432,0,0
6989.4,30120.21,23130.81,1,0.2321,0,0
11152.32,110961.39,99809.07,0,0.1005,0,0
1989.94,11640.48,9650.54,0,0.1709,0,0
4047.72,18243.73,14196.01,0,0.2219,0,0
1627.51,18925.41,17297.9,1,0.086,0,0
32445.12,111946.34,79501.22,0,0.2898,0,0
3013.39,32259.41,29246.02,0,0.0934,0,0
3174.72,8595.74,5421.02,0,0.3693,0,0
31.85,13325.58,13293.73,0,0.0024,0,0
78880.83,92214.78,13333.95,5,0.8554,0,1
162.0,2767.41,2605.41,0,0.0585,0,0
1463.33,13674.22,12210.89,0,0.107,0,0
409.05,3365.81,2956.75,0,0.1215,0,0
600.39,23300.5,22700.11,0,0.0258,0,0
499.26,4222.21,3722.95,0,0.1182,0,0
125.81,4446.25,4320.44,0,0.0283,0,0
31222.33,286037.1,254814.78,0,0.1092,0,0
123.02,3385.52,3262.5,0,0.0363,0,0
39383.7,157075.13,117691.43,1,0.2507,0,0
19538.5,74308.16,54769.66,0,0.2629,0,0
254.74,12506.64,12251.9,0,0.0204,0,0
7801.91,25225.86,17423.95,1,0.3093,0,0
907.16,25742.23,24835.07,0,0.0352,0,0
172.92,15351.64,15178.73,0,0.0113,0,0
914.95,14545.93,13630.98,0,0.0629,0,0
5010.26,24339.66,19329.39,0,0.2058,0,0
41874.97,203495.99,161621.03,0,0.2058,0,0
4399.89,14496.7,10096.81,0,0.3035,0,0
1730.06,10743.21,9013.15,0,0.161,0,0
4194.36,24965.65,20771.29,0,0.168,0,0
5977.9,16986.71,11008.81,0,0.3519,0,0
321.86,3734.02,3412.16,0,0.0862,1,0
9891.55,257195.18,247303.63,0,0.0385,0,0
591.48,3158.98,2567.5,0,0.1872,0,0
31526.45,34694.27,3167.82,4,0.9087,1,1
4792.47,23322.18,18529.71,2,0.2055,0,0
604.32,3459.23,2854.91,0,0.1747,0,0
1669.69,9035.76,7366.07,1,0.1848,0,0
1656.29,6344.28,4687.98,1,0.2611,0,0
3826.64,33294.98,29468.34,0,0.1149,0,0
330.5,11789.07,11458.57,0,0.028,0,0
7537.97,190285.28,182747.31,0,0.0396,0,0
4348.65,26363.61,22014.96,0,0.1649,0,0
1872.14,25161.19,23289.06,0,0.0744,0,0
5931.2,28303.08,22371.88,1,0.2096,0,0
5393.77,19411.78,14018.01,0,0.2779,0,0
2007.43,30344.84,28337.41,0,0.0662,0,0
1411.61,35221.57,33809.96,0,0.0401,0,0
90.27,15336.23,15245.96,0,0.0059,0,0
5392.25,25295.98,19903.73,0,0.2132,1,0
1668.15,16914.61,15246.46,0,0.0986,0,0
185.53,26555.11,26369.58,0,0.007,0,0
1456.11,25194.71,23738.61,0,0.0578,0,0
2966.9,28327.76,25360.85,0,0.1047,0,0
925.67,7190.38,6264.71,0,0.1287,0,0
5457.06,35728.38,30271.32,0,0.1527,0,0
5146.25,253609.87,248463.62,0,0.0203,0,0
4888.98,31263.38,26374.41,0,0.1564,0,0
44655.17,178680.59,134025.42,0,0.2499,0,0
257.64,35018.39,34760.75,1,0.0074,0,0
6416.8,35096.83,28680.03,0,0.1828,0,0
14581.5,16082.39,1500.89,1,0.9067,0,1
4135.4,36444.96,32309.56,0,0.1135,0,0
2123.92,27488.88,25364.96,1,0.0773,0,0
7422.8,241801.27,234378.47,0,0.0307,0,0
265.58,6823.89,6558.31,0,0.0389,0,0
4094.32,20857.88,16763.56,0,0.1963,0,0
972.79,13796.45,12823.66,0,0.0705,0,0
3140.97,23218.61,20077.64,0,0.1353,0,0
6137.93,30380.19,24242.26,0,0.202,0,0
6892.98,34581.76,27688.78,0,0.1993,0,0
3560.12,21337.84,17777.72,0,0.1668,0,0
130.57,18304.77,18174.19,0,0.0071,0,0
1465.51,20716.34,19250.84,0,0.0707,0,0
40118.97,151349.59,111230.62,0,0.2651,0,0
331.03,2999.19,2668.16,0,0.1104,0,0
645.42,13444.67,12799.25,0,0.048,0,0
24014.31,25795.88,1781.57,4,0.9309,0,1
2675.64,25230.78,22555.15,0,0.106,0,0
17.27,1083.18,1065.91,0,0.0159,1,0
236.14,4600.75,4364.61,0,0.0513,0,0
1150.65,37083.1,35932.44,0,0.031,0,0
23899.4,297445.2,273545.8,1,0.0803,0,0
114.01,2192.34,2078.33,0,0.052,0,0
45.49,3164.72,3119.23,0,0.0144,0,0
20939.28,60906.76,39967.48,0,0.3438,0,0
4770.99,20304.14,15533.15,0,0.235,0,0
19132.68,19358.41,225.73,3,0.9883,1,1
2836.76,22611.58,19774.82,0,0.1255,0,0
410.2,3194.77,2784.57,0,0.1284,1,0
2299.3,36452.83,34153.52,0,0.0631,0,0
10612.98,184321.94,173708.96,0,0.0576,0,0
4107.68,66196.09,62088.41,6,0.0621,1,1
141.46,14716.28,14574.83,0,0.0096,1,0
2218.95,23416.99,21198.04,0,0.0948,0,0
7645.91,20744.05,13098.14,1,0.3686,0,0
325.96,20372.93,20046.96,0,0.016,0,0
17.15,6341.44,6324.29,0,0.0027,0,0
90567.03,116980.81,26413.78,1,0.7742,0,1
5276.29,37794.13,32517.84,0,0.1396,0,0
221.52,17048.04,16826.52,1,0.013,0,0
407.47,11541.81,11134.34,0,0.0353,1,0
24750.78,295152.76,270401.98,0,0.0839,0,0
716.28,17163.95,16447.67,0,0.0417,0,0
833.37,5606.88,4773.51,0,0.1486,0,0
1329.85,14685.14,13355.29,0,0.0906,0,0
4118.33,28101.71,23983.38,2,0.1466,0,0
2386.78,9000.54,6613.76,0,0.2652,0,0
1919.0,37965.97,36046.97,0,0.0505,0,0
72553.23,104414.5,31861.28,4,0.6949,0,1
34399.82,218465.47,184065.65,0,0.1575,0,0
44164.2,173108.92,128944.72,0,0.2551,0,0
263.17,2369.78,2106.6,0,0.1111,0,0
2045.02,16633.71,14588.69,0,0.1229,0,0
6301.43,31158.66,24857.24,5,0.2022,0,1
55018.5,92211.24,37192.74,4,0.5967,0,1
896.73,30854.3,29957.56,1,0.0291,0,0
1103.16,25750.87,24647.71,0,0.0428,0,0
22421.74,24492.15,2070.41,1,0.9155,0,1
1304.47,21638.42,20333.95,0,0.0603,0,0
176.7,2728.57,2551.87,0,0.0648,0,0
6783.61,7083.24,299.63,2,0.9577,1,1
588.99,34482.82,33893.84,0,0.0171,0,0
750.77,34485.35,33734.58,0,0.0218,0,0
1255.93,3594.15,2338.21,0,0.3494,1,0
5445.92,33806.51,28360.58,0,0.1611,0,0
24972.61,259379.17,234406.57,0,0.0963,0,0
350.07,3891.68,3541.61,0,0.09,1,0
10677.77,12086.66,1408.89,3,0.8834,0,1
6701.35,76369.5,69668.15,0,0.0877,0,0
3547.31,18799.15,15251.84,0,0.1887,0,0
1503.49,28149.12,26645.62,0,0.0534,0,0
1616.3,13252.45,11636.15,0,0.122,0,0
39713.9,41099.36,1385.46,2,0.9663,0,1
5051.04,33490.41,28439.37,0,0.1508,0,0
13641.42,15485.64,1844.22,3,0.8809,1,1
84.06,16132.05,16047.99,0,0.0052,0,0
661.78,8999.16,8337.39,0,0.0735,0,0
32.88,4837.82,4804.94,0,0.0068,0,0
197.29,6438.56,6241.27,0,0.0306,0,0
1133.8,38041.23,36907.42,1,0.0298,0,0
8588.2,197824.01,189235.81,0,0.0434,0,0
1016.12,15006.74,13990.62,1,0.0677,0,0
35143.41,197278.07,162134.65,0,0.1781,0,0
4708.36,37691.41,32983.06,0,0.1249,0,0
1236.13,36779.43,35543.3,0,0.0336,0,0
36273.11,257725.39,221452.28,0,0.1407,0,0
1228.5,23694.47,22465.97,0,0.0518,0,0
281.63,11330.56,11048.92,0,0.0249,1,0
1581.82,6287.94,4706.12,0,0.2516,0,0
1126.32,29096.07,27969.74,0,0.0387,0,0
33.31,3897.05,3863.74,0,0.0085,0,0
602.6,32882.34,32279.74,0,0.0183,0,0
540.73,4080.94,3540.21,0,0.1325,0,0
267.84,12494.44,12226.6,0,0.0214,0,0
153.27,7589.27,7436.0,0,0.0202,0,0
464.66,7343.42,6878.76,0,0.0633,1,0
3650.72,28836.83,25186.12,0,0.1266,0,0
2363.13,35816.71,33453.58,0,0.066,0,0
1671.47,12052.76,10381.29,1,0.1387,0,0
2742.54,31394.68,28652.14,2,0.0874,0,0
2598.67,9793.56,7194.9,0,0.2653,0,0
225.01,21037.25,20812.23,1,0.0107,0,0
6563.85,31004.56,24440.71,1,0.2117,0,0
237.43,6032.94,5795.51,2,0.0394,0,0
64168.64,72670.88,8502.24,2,0.883,0,1
37801.11,136959.53,99158.42,0,0.276,0,0
1493.29,38109.02,36615.73,0,0.0392,0,0
7500.79,26426.65,18925.86,0,0.2838,0,0
148.38,1115.31,966.93,0,0.133,1,0
4639.79,19588.01,14948.21,0,0.2369,0,0
32866.03,195631.96,162765.93,1,0.168,0,0
28533.0,299646.03,271113.03,0,0.0952,0,0
1272.36,20977.03,19704.67,0,0.0607,0,0
24.41,4303.19,4278.79,0,0.0057,0,0
3782.92,38140.49,34357.57,0,0.0992,0,0
417.56,4818.7,4401.14,0,0.0867,0,0
59769.58,64671.23,4901.65,1,0.9242,1,1
634.71,2429.73,1795.02,0,0.2612,0,0
18558.83,276512.13,257953.29,0,0.0671,0,0
76081.74,101017.19,24935.45,2,0.7532,0,1
559.94,5647.08,5087.14,0,0.0992,0,0
31245.48,180635.84,149390.36,0,0.173,0,0
3869.28,21688.09,17818.81,6,0.1784,0,1
4657.21,32612.07,27954.86,0,0.1428,0,0
185.78,2421.05,2235.27,0,0.0767,1,0
6802.0,17267.59,10465.6,0,0.3939,0,0
167.37,8826.83,8659.46,0,0.019,1,0
947.56,22523.55,21575.99,0,0.0421,0,0
200.7,18675.93,18475.23,0,0.0107,0,0
6118.97,32332.4,26213.43,0,0.1893,0,0
584.51,17842.46,17257.95,1,0.0328,0,0
4907.21,22627.06,17719.85,0,0.2169,1,0
677.74,7321.7,6643.96,0,0.0926,1,0
1922.21,14460.94,12538.74,0,0.1329,0,0
56855.5,63446.09,6590.59,2,0.8961,0,1
27732.34,217827.09,190094.75,0,0.1273,0,0
7920.06,117047.7,109127.65,0,0.0677,0,0
976.11,20573.73,19597.62,1,0.0474,0,0
216.26,23491.44,23275.19,0,0.0092,0,0
838.44,30533.1,29694.66,1,0.0275,0,0
14328.36,15049.28,720.93,2,0.9521,0,1
9435.72,46972.52,37536.8,5,0.2009,0,1
128.52,3182.97,3054.45,0,0.0404,1,0
483.76,5757.1,5273.35,1,0.084,0,0
142.62,12728.4,12585.78,0,0.0112,1,0
3168.62,16104.55,12935.93,0,0.1968,0,0
2294.07,15343.46,13049.39,0,0.1495,0,0
7712.17,31230.79,23518.62,1,0.2469,0,0
6437.93,21650.48,15212.55,0,0.2974,0,0
29721.5,222557.18,192835.68,0,0.1335,0,0
1208.57,27509.57,26301.0,0,0.0439,0,0
2612.33,24114.91,21502.58,0,0.1083,0,0
442.87,16709.96,16267.09,0,0.0265,0,0
616.56,18049.37,17432.82,0,0.0342,0,0
1501.19,36953.96,35452.77,0,0.0406,0,0
123.59,26961.94,26838.35,0,0.0046,0,0
4709.92,22719.63,18009.72,0,0.2073,0,0
7453.89,21993.42,14539.54,1,0.3389,0,0
187.97,13768.48,13580.51,0,0.0137,1,0
1880.54,11136.93,9256.39,1,0.1689,1,0
27974.2,268501.78,240527.58,0,0.1042,0,0
364.83,3524.06,3159.24,0,0.1035,1,0
255.32,5636.08,5380.76,1,0.0453,0,0
482.79,6471.71,5988.92,0,0.0746,0,0
1360.97,16182.54,14821.57,0,0.0841,0,0
66.19,39628.46,39562.26,2,0.0017,0,0
56258.55,56461.86,203.31,3,0.9964,0,1
51200.17,72761.49,21561.32,1,0.7037,0,1
68.7,19886.83,19818.13,1,0.0035,0,0
70361.49,81191.09,10829.6,2,0.8666,0,1
999.69,14308.03,13308.34,0,0.0699,0,0
31014.99,33607.52,2592.53,2,0.9229,1,1
2283.74,28380.81,26097.07,0,0.0805,0,0
4463.26,37782.42,33319.17,0,0.1181,0,0
1079.77,10735.95,9656.18,0,0.1006,0,0
9591.43,35777.05,26185.62,5,0.2681,0,1
1556.6,22493.33,20936.74,0,0.0692,0,0
1252.98,5973.07,4720.09,0,0.2098,0,0
1464.71,3899.2,2434.5,0,0.3756,0,0
29754.15,117689.75,87935.59,0,0.2528,0,0
23472.26,184397.74,160925.48,0,0.1273,0,0
725.75,22736.45,22010.7,0,0.0319,0,0
3961.84,29277.53,25315.7,2,0.1353,0,0
6514.12,33714.64,27200.52,0,0.1932,0,0
492.99,4802.28,4309.29,0,0.1027,0,0
33336.24,124732.08,91395.84,0,0.2673,0,0
1678.78,6707.46,5028.68,0,0.2503,0,0
24998.36,269486.26,244487.9,0,0.0928,0,0
215.34,2497.1,2281.77,0,0.0862,1,0
150.44,5784.03,5633.59,0,0.026,0,0
401.59,3532.49,3130.9,0,0.1137,1,0
3457.96,21693.59,18235.63,0,0.1594,0,0
841.79,10434.94,9593.15,0,0.0807,0,0
1600.95,23231.09,21630.14,0,0.0689,0,0
2092.11,36051.14,33959.03,0,0.058,0,0
7981.6,22231.15,14249.55,0,0.359,1,0
8933.18,63740.31,54807.14,6,0.1401,1,1
34989.03,150803.42,115814.39,0,0.232,0,0
55845.86,60795.03,4949.18,1,0.9186,1,1
2052.1,36891.93,34839.82,0,0.0556,0,0
7108.66,68695.09,61586.43,3,0.1035,1,1
455.31,13906.46,13451.15,0,0.0327,0,0
4559.05,18707.14,14148.09,0,0.2437,0,0
910.37,7701.85,6791.48,0,0.1182,0,0
2338.3,23782.47,21444.17,0,0.0983,0,0
4424.9,4509.6,84.71,2,0.9812,0,1
14611.7,64816.1,50204.4,0,0.2254,0,0
2564.51,17925.78,15361.27,0,0.1431,0,0
6333.79,107918.32,101584.53,0,0.0587,0,0
782.85,5020.69,4237.83,0,0.1559,0,0
2953.68,72551.99,69598.31,4,0.0407,1,1
469.86,3419.23,2949.37,0,0.1374,0,0
36425.04,127510.75,91085.71,0,0.2857,0,0
1040.93,5616.23,4575.3,0,0.1853,1,0
16486.09,147165.41,130679.32,0,0.112,0,0
459.19,13019.52,12560.33,0,0.0353,0,0
2137.94,17135.78,14997.85,1,0.1248,0,0
1064.01,20211.21,19147.2,1,0.0526,0,0
10251.52,209641.27,199389.76,0,0.0489,0,0
7211.15,27366.1,20154.94,0,0.2635,1,0
6064.9,35793.58,29728.68,0,0.1694,0,0
618.55,14972.79,14354.24,0,0.0413,0,0
189.22,14766.62,14577.4,0,0.0128,0,0
675.92,21549.53,20873.61,0,0.0314,0,0
6265.96,6733.17,467.2,1,0.9306,0,1
27949.77,254968.51,227018.74,0,0.1096,0,0
2801.62,13829.69,11028.07,0,0.2026,0,0
56728.0,68649.29,11921.29,2,0.8263,1,1
7934.35,37515.59,29581.24,0,0.2115,0,0
6704.44,39308.48,32604.04,6,0.1706,0,1
1942.46,14299.19,12356.73,0,0.1358,0,0
19674.74,261331.46,241656.72,0,0.0753,0,0
5994.03,35485.5,29491.47,0,0.1689,0,0
33273.74,101066.72,67792.98,0,0.3292,0,0
17.96,3492.24,3474.28,2,0.0051,1,0
6225.23,18941.37,12716.14,0,0.3287,0,0
9943.75,54919.1,44975.36,4,0.1811,0,1
5244.6,38900.75,33656.16,1,0.1348,0,0
5748.18,31707.63,25959.45,0,0.1813,0,0
5914.08,23114.12,17200.04,0,0.2559,0,0
299.87,12918.55,12618.68,0,0.0232,0,0
466.52,34949.87,34483.35,1,0.0133,0,0
918.35,19795.41,18877.06,0,0.0464,0,0
4309.49,16447.41,12137.92,0,0.262,0,0
580.93,37836.88,37255.96,0,0.0154,0,0
3485.58,21029.62,17544.04,0,0.1657,0,0
1236.79,39156.84,37920.04,0,0.0316,0,0
174.02,37287.96,37113.94,0,0.0047,0,0
2711.63,12537.05,9825.42,1,0.2163,0,0
50.78,10760.33,10709.55,0,0.0047,1,0
9638.76,10137.91,499.16,3,0.9508,0,1
442.2,4824.57,4382.37,0,0.0917,0,0
850.23,6496.31,5646.08,0,0.1309,0,0
43263.39,186098.9,142835.5,0,0.2325,0,0
7979.11,63012.89,55033.77,4,0.1266,0,1
31304.12,35031.0,3726.88,2,0.8936,1,1
6237.15,39933.57,33696.42,0,0.1562,0,0
429.4,36498.76,36069.36,0,0.0118,0,0
33404.91,111540.88,78135.97,0,0.2995,0,0
666.22,14446.97,13780.74,2,0.0461,0,0
19170.09,179505.26,160335.16,0,0.1068,0,0
5142.63,24479.46,19336.84,0,0.2101,0,0
62477.69,79046.76,16569.07,5,0.7904,0,1
90024.98,107843.72,17818.75,2,0.8348,0,1
1599.18,10057.65,8458.47,0,0.159,0,0
44361.82,45972.35,1610.53,1,0.965,1,1
7158.34,7677.19,518.85,3,0.9324,1,1
147.19,4291.31,4144.12,1,0.0343,0,0
4316.53,19629.39,15312.86,0,0.2199,0,0
7066.68,7806.35,739.67,2,0.9052,1,1
26938.21,35554.14,8615.93,4,0.7577,1,1
15.03,6858.94,6843.91,0,0.0022,0,0
3067.93,35433.55,32365.62,5,0.0866,0,1
499.88,23930.45,23430.58,0,0.0209,0,0
402.43,9577.26,9174.82,0,0.042,1,0
3747.2,35406.5,31659.29,0,0.1058,0,0
3056.69,22705.5,19648.81,0,0.1346,0,0
7696.35,39694.34,31998.0,0,0.1939,0,0
575.23,35809.12,35233.89,1,0.0161,1,0
1156.53,14134.04,12977.51,0,0.0818,0,0
2012.4,24305.45,22293.05,0,0.0828,0,0
3962.16,30980.8,27018.64,0,0.1279,0,0
23728.54,24385.41,656.87,3,0.9731,1,1
1418.87,27940.39,26521.52,0,0.0508,0,0
2877.88,39110.32,36232.44,0,0.0736,0,0
8464.79,237495.18,229030.39,0,0.0356,0,0
1221.58,6352.25,5130.67,0,0.1923,0,0
553.35,7079.47,6526.12,0,0.0782,0,0
9235.16,212515.92,203280.76,0,0.0435,0,0
424.68,30052.24,29627.56,0,0.0141,0,0
57.12,39829.63,39772.51,1,0.0014,0,0
44883.0,131231.07,86348.08,1,0.342,0,0
2188.22,13618.02,11429.8,1,0.1607,0,0
26493.82,239900.71,213406.89,0,0.1104,0,0
6091.73,19078.6,12986.87,0,0.3193,0,0
7187.21,7893.32,706.1,3,0.9105,0,1
4619.23,25440.29,20821.06,0,0.1816,0,0
24403.79,262398.28,237994.49,0,0.093,0,0
4675.14,35372.22,30697.08,0,0.1322,1,0
23146.23,24627.88,1481.65,3,0.9398,0,1
6474.8,17118.51,10643.71,0,0.3782,0,0
206.04,24436.62,24230.58,0,0.0084,0,0
2795.48,10894.37,8098.89,0,0.2566,0,0
42818.02,252731.07,209913.05,1,0.1694,0,0
116.63,29896.38,29779.75,1,0.0039,0,0
771.28,10334.47,9563.19,0,0.0746,0,0
13332.62,297967.87,284635.25,0,0.0447,0,0
780.18,9741.26,8961.08,0,0.0801,0,0
1900.93,8135.01,6234.08,0,0.2337,0,0
3228.31,33218.51,29990.2,0,0.0972,0,0
51617.38,54677.7,3060.32,1,0.944,0,1
2096.99,11208.53,9111.54,1,0.1871,0,0
49165.0,50084.13,919.13,3,0.9816,1,1
39790.37,225597.89,185807.52,0,0.1764,0,0
1206.25,23731.15,22524.9,0,0.0508,0,0
4775.91,34216.03,29440.13,0,0.1396,0,0
1905.79,7005.69,5099.9,0,0.272,0,0
475.0,10580.4,10105.4,0,0.0449,1,0
1539.46,14829.88,13290.42,0,0.1038,0,0
2627.05,23242.41,20615.36,0,0.113,0,0
6320.37,14552.69,8232.32,6,0.4343,0,1
60045.98,76008.46,15962.48,2,0.79,0,1
659.55,4554.69,3895.14,0,0.1448,0,0
245.05,12689.17,12444.12,0,0.0193,1,0
20101.82,253352.86,233251.05,0,0.0793,0,0
592.85,10738.53,10145.69,0,0.0552,0,0
1199.88,5012.65,3812.77,0,0.2394,0,0
5913.3,6538.56,625.25,2,0.9044,0,1
12709.74,217798.57,205088.83,0,0.0584,0,0
1313.5,32924.21,31610.71,1,0.0399,0,0
4066.3,28711.0,24644.7,0,0.1416,0,0
5554.01,35595.95,30041.94,0,0.156,0,0
683.77,37486.95,36803.18,1,0.0182,0,0
34.08,22859.67,22825.59,0,0.0015,0,0
452.62,7091.65,6639.04,1,0.0638,0,0
4665.95,4819.95,154.0,1,0.968,0,1
4297.75,29910.71,25612.96,0,0.1437,0,0
51731.26,52402.8,671.54,1,0.9872,0,1
6507.5,33135.15,26627.65,0,0.1964,0,0
633.99,19946.01,19312.02,0,0.0318,0,0
2539.71,33593.83,31054.12,0,0.0756,0,0
2374.52,11008.39,8633.87,0,0.2157,0,0
258.46,2705.69,2447.22,1,0.0955,0,0
886.54,39333.0,38446.46,0,0.0225,0,0
24707.24,125757.74,101050.51,1,0.1965,0,0
197.24,6208.44,6011.2,0,0.0318,0,0
1461.21,9734.33,8273.12,0,0.1501,0,0
17186.21,64109.3,46923.09,1,0.2681,0,0
3166.65,34396.62,31229.97,0,0.0921,0,0
873.62,5114.81,4241.19,0,0.1708,0,0
225.19,12375.09,12149.9,0,0.0182,0,0
5015.89,25989.69,20973.8,0,0.193,0,0
1466.81,31518.34,30051.53,0,0.0465,0,0
4057.25,10616.83,6559.58,0,0.3822,0,0
898.53,25741.79,24843.26,0,0.0349,0,0
4143.63,14340.52,10196.89,0,0.2889,0,0
956.12,7883.97,6927.86,0,0.1213,0,0
6605.58,229658.64,223053.07,0,0.0288,0,0
6383.57,71321.55,64937.98,4,0.0895,0,1
28093.67,229348.75,201255.08,0,0.1225,0,0
1538.51,26427.3,24888.79,0,0.0582,0,0
888.85,18307.8,17418.95,0,0.0486,0,0
1964.08,35137.13,33173.05,0,0.0559,0,0
1555.26,10873.45,9318.19,0,0.143,0,0
350.38,12951.71,12601.34,0,0.0271,0,0
9475.35,99810.7,90335.35,0,0.0949,0,0
10313.74,79565.94,69252.19,1,0.1296,0,0
47664.98,48260.28,595.29,2,0.9877,1,1
3342.19,26628.48,23286.29,0,0.1255,0,0
3964.7,10951.51,6986.81,0,0.362,0,0
3524.35,34486.84,30962.5,0,0.1022,0,0
336.4,4634.02,4297.62,0,0.0726,0,0
1590.89,34810.4,33219.51,1,0.0457,0,0
1697.28,35665.1,33967.82,0,0.0476,0,0
73.98,13788.59,13714.61,0,0.0054,0,0
2654.44,9914.18,7259.74,0,0.2677,0,0
2197.98,29025.87,26827.89,0,0.0757,0,0
712.83,4545.6,3832.78,0,0.1568,0,0
11830.73,169516.04,157685.31,0,0.0698,0,0
1562.01,28858.04,27296.03,0,0.0541,0,0
1592.8,8790.83,7198.03,0,0.1812,0,0
17807.89,101272.9,83465.01,0,0.1758,0,0
22836.83,88190.9,65354.06,0,0.2589,0,0
4030.46,38687.05,34656.59,0,0.1042,0,0
6895.76,7256.04,360.28,1,0.9503,0,1
40918.01,209608.98,168690.97,0,0.1952,0,0
970.31,37215.09,36244.78,0,0.0261,0,0
1633.73,26009.81,24376.08,0,0.0628,0,0
420.39,18106.6,17686.21,0,0.0232,0,0
37600.74,205883.89,168283.15,0,0.1826,0,0
3312.42,21073.55,17761.13,0,0.1572,0,0
67205.35,102482.74,35277.39,5,0.6558,0,1
440.57,9761.2,9320.63,0,0.0451,0,0
124.74,30060.15,29935.41,0,0.0041,0,0
33106.48,33307.05,200.57,1,0.994,1,1
453.97,10054.45,9600.48,0,0.0452,0,0
24780.62,205418.15,180637.53,1,0.1206,0,0
43565.83,271269.9,227704.07,0,0.1606,0,0
19135.75,21093.8,1958.05,1,0.9072,1,1
7787.43,21914.75,14127.32,0,0.3554,0,0
4285.27,29441.61,25156.33,0,0.1456,0,0
5010.34,23482.55,18472.21,0,0.2134,0,0
10288.46,253422.76,243134.3,0,0.0406,0,0
771.12,4643.32,3872.21,0,0.1661,0,0
50113.09,52187.26,2074.17,2,0.9603,0,1
31292.84,35262.04,3969.2,2,0.8874,1,1
28660.41,203238.77,174578.36,0,0.141,0,0
1173.1,6808.72,5635.62,0,0.1723,0,0
28621.69,109437.16,80815.47,0,0.2615,0,0
4950.93,25109.43,20158.5,0,0.1972,0,0
3162.63,26408.42,23245.79,0,0.1198,0,0
50894.39,51130.36,235.98,2,0.9954,0,1
833.88,29150.85,28316.98,1,0.0286,0,0
4314.35,37306.42,32992.07,0,0.1156,0,0
48515.49,51006.13,2490.64,4,0.9512,0,1
6633.97,6804.47,170.5,2,0.9749,1,1
280.51,3606.22,3325.71,0,0.0778,0,0
3357.49,28366.81,25009.32,0,0.1184,0,0
681.9,28302.13,27620.23,2,0.0241,0,0
1228.57,10143.4,8914.83,0,0.1211,0,0
1448.07,13214.79,11766.72,0,0.1096,1,0
340.43,23045.57,22705.15,0,0.0148,0,0
1290.51,35417.86,34127.35,0,0.0364,0,0
1385.47,6329.92,4944.45,0,0.2189,0,0
703.43,8450.8,7747.37,0,0.0832,0,0
50071.76,55948.77,5877.02,3,0.895,0,1
31852.14,200119.99,168267.84,1,0.1592,0,0
15424.63,86809.47,71384.84,0,0.1777,0,0
856.83,6174.8,5317.97,0,0.1388,0,0
249.59,27976.07,27726.49,0,0.0089,0,0
35152.14,186913.25,151761.11,0,0.1881,0,0
2097.21,10417.03,8319.82,0,0.2013,0,0
2999.64,35195.26,32195.62,0,0.0852,0,0
1790.41,15101.9,13311.5,0,0.1186,0,0
2997.76,24970.58,21972.82,0,0.1201,0,0
1205.55,38204.37,36998.82,2,0.0316,0,0
904.1,18406.26,17502.17,0,0.0491,0,0
28186.29,33024.92,4838.64,4,0.8535,1,1
1939.36,32454.78,30515.43,0,0.0598,0,0
1863.5,21692.62,19829.12,0,0.0859,0,0
32771.77,268514.18,235742.41,0,0.122,0,0
35.51,30814.0,30778.49,0,0.0012,0,0
3364.82,29678.09,26313.27,0,0.1134,1,0
43386.19,48650.91,5264.72,2,0.8918,0,1
1996.76,7753.6,5756.83,0,0.2575,0,0
940.63,18100.23,17159.6,0,0.052,1,0
467.93,10038.44,9570.51,0,0.0466,1,0
414.93,20958.69,20543.76,0,0.0198,0,0
490.72,21522.32,21031.6,0,0.0228,0,0
381.57,3089.67,2708.09,0,0.1235,1,0
6697.96,39647.55,32949.59,0,0.1689,0,0
2161.98,20411.87,18249.9,0,0.1059,0,0
5277.48,35476.97,30199.5,0,0.1488,0,0
1325.24,21940.74,20615.5,0,0.0604,0,0
1886.7,31450.95,29564.26,0,0.06,0,0
6630.33,39917.19,33286.87,0,0.1661,0,0
193.01,3765.12,3572.1,0,0.0513,1,0
7803.65,29787.52,21983.87,0,0.262,0,0
2108.99,39830.87,37721.88,0,0.0529,0,0
42639.96,132246.26,89606.3,0,0.3224,0,0
152.26,6083.12,5930.87,0,0.025,0,0
4152.71,39483.15,35330.44,0,0.1052,0,0
10495.54,108036.06,97540.52,0,0.0971,0,0
35761.18,38766.5,3005.32,4,0.9225,1,1
612.58,3427.52,2814.93,0,0.1787,0,0
599.43,5674.21,5074.78,2,0.1056,0,0
1493.95,29076.68,27582.73,0,0.0514,0,0
1665.36,9166.76,7501.4,0,0.1817,0,0
3862.99,39891.68,36028.68,0,0.0968,0,0
2579.26,30339.72,27760.46,0,0.085,0,0
1885.03,23393.3,21508.27,2,0.0806,0,0
422.26,10613.11,10190.84,0,0.0398,1,0
28172.54,30639.16,2466.61,2,0.9195,0,1
3152.04,25581.25,22429.2,0,0.1232,0,0
940.49,19779.92,18839.42,0,0.0475,0,0
15909.02,16794.87,885.86,2,0.9473,1,1
1696.07,39684.07,37988.0,0,0.0427,0,0
180.12,3772.38,3592.25,0,0.0477,0,0
6532.29,157235.15,150702.86,0,0.0415,0,0
54012.91,54779.5,766.59,3,0.986,0,1
513.66,39326.05,38812.4,0,0.0131,0,0
3671.7,20059.37,16387.67,1,0.183,0,0
14487.77,212412.26,197924.48,0,0.0682,0,0
145.33,11976.91,11831.58,0,0.0121,0,0
89.81,18658.47,18568.66,0,0.0048,0,0
4424.74,32406.98,27982.24,3,0.1365,0,1
5855.55,130890.48,125034.93,1,0.0447,0,0
4984.7,13095.09,8110.39,0,0.3807,0,0
367.02,12570.21,12203.19,0,0.0292,1,0
2928.07,37572.77,34644.7,1,0.0779,0,0
5383.07,17224.21,11841.14,0,0.3125,0,0
1236.97,5802.46,4565.48,0,0.2132,0,0
185.91,22141.99,21956.08,0,0.0084,0,0
11974.46,17626.44,5651.99,3,0.6793,1,1
35836.87,246383.24,210546.37,0,0.1455,0,0
769.7,3007.43,2237.73,0,0.2559,0,0
1062.38,7344.83,6282.44,0,0.1446,0,0
2662.9,8800.55,6137.65,0,0.3026,0,0
1716.57,20901.63,19185.07,0,0.0821,0,0
953.55,4205.16,3251.61,0,0.2268,0,0
1038.44,36077.09,35038.65,0,0.0288,1,0
2389.79,26851.78,24461.99,0,0.089,0,0
7114.4,34501.95,27387.55,1,0.2062,0,0
11152.84,53465.51,42312.68,6,0.2086,1,1
63593.46,77235.98,13642.52,1,0.8234,0,1
487.91,10656.43,10168.52,0,0.0458,0,0
15608.42,62326.84,46718.42,0,0.2504,0,0
212.52,2164.26,1951.75,0,0.0982,1,0
52241.66,55896.3,3654.64,2,0.9346,0,1
339.58,15642.86,15303.28,0,0.0217,1,0
79503.23,102339.81,22836.58,1,0.7769,0,1
44.87,34742.97,34698.1,0,0.0013,0,0
4412.02,27205.81,22793.78,0,0.1622,0,0
5220.41,33664.42,28444.01,0,0.1551,0,0
10695.08,13015.91,2320.83,2,0.8217,1,1
6790.36,19839.19,13048.83,5,0.3423,1,1
41394.04,276698.34,235304.3,0,0.1496,0,0
5034.95,32724.2,27689.25,0,0.1539,0,0
21232.83,122231.22,100998.39,0,0.1737,0,0
4064.82,11617.21,7552.38,0,0.3499,0,0
28216.73,146206.42,117989.69,0,0.193,0,0
4341.63,39875.67,35534.04,0,0.1089,1,0
1537.01,24646.89,23109.88,1,0.0624,0,0
25918.19,120240.33,94322.15,0,0.2156,0,0
747.64,28632.47,27884.83,0,0.0261,0,0
26258.61,111797.05,85538.44,0,0.2349,0,0
20039.8,100165.69,80125.89,0,0.2001,0,0
920.31,5673.71,4753.4,0,0.1622,0,0
7412.67,92159.68,84747.02,1,0.0804,0,0
482.52,24864.09,24381.57,0,0.0194,0,0
621.41,27144.68,26523.27,0,0.0229,0,0
10728.57,123478.29,112749.72,0,0.0869,0,0
10851.52,12295.03,1443.5,2,0.8826,1,1
7781.76,27371.43,19589.67,0,0.2843,0,0
4570.93,27204.66,22633.73,1,0.168,0,0
277.78,9448.71,9170.93,0,0.0294,0,0
357.88,37543.01,37185.12,0,0.0095,0,0
428.72,12334.32,11905.6,0,0.0348,0,0
1702.08,18193.76,16491.68,0,0.0936,0,0
2386.78,17626.64,15239.86,0,0.1354,0,0
455.4,3195.37,2739.97,0,0.1425,0,0
42550.0,225095.67,182545.68,0,0.189,0,0
8542.73,296716.04,288173.32,0,0.0288,0,0
12398.96,14964.48,2565.51,2,0.8286,1,1
1644.08,22040.95,20396.87,0,0.0746,0,0
276.13,5482.25,5206.12,1,0.0504,0,0
373.62,36942.18,36568.56,0,0.0101,0,0
4910.83,13068.51,8157.68,0,0.3758,1,0
10151.11,49560.96,39409.85,6,0.2048,0,1
1477.02,15238.73,13761.7,0,0.0969,0,0
50455.2,51530.45,1075.25,1,0.9791,0,1
830.4,7597.45,6767.05,2,0.1093,0,0
4671.23,18983.65,14312.42,0,0.2461,0,0
5160.26,31502.87,26342.61,0,0.1638,0,0
457.74,15346.34,14888.59,1,0.0298,0,0
646.77,13171.19,12524.42,0,0.0491,0,0
42084.43,128569.82,86485.39,1,0.3273,0,0
89621.63,117716.32,28094.7,2,0.7613,0,1
39708.22,289839.23,250131.02,0,0.137,0,0
1459.11,35518.07,34058.96,0,0.0411,0,0
1833.6,16447.43,14613.84,0,0.1115,0,0
1523.13,33489.35,31966.22,0,0.0455,0,0
16217.19,167918.8,151701.6,0,0.0966,0,0
40963.39,123983.42,83020.03,0,0.3304,0,0
357.47,9474.15,9116.68,0,0.0377,0,0
60762.49,72462.25,11699.76,4,0.8385,0,1
1041.73,36856.19,35814.46,0,0.0283,0,0
89.24,13760.36,13671.12,0,0.0065,1,0
2735.8,31610.61,28874.81,0,0.0865,0,0
10643.16,253326.45,242683.29,0,0.042,0,0
1850.59,33268.51,31417.92,1,0.0556,0,0
7558.67,38883.59,31324.92,0,0.1944,0,0
1102.54,27835.63,26733.08,0,0.0396,1,0
2825.14,8667.29,5842.15,1,0.326,0,0
5818.84,28210.68,22391.83,0,0.2063,1,0
499.77,2789.18,2289.41,1,0.1792,0,0
323.09,2570.78,2247.69,0,0.1257,1,0
5131.93,15256.94,10125.01,1,0.3364,1,0
3591.82,34040.98,30449.16,0,0.1055,0,0
2609.41,33030.78,30421.36,0,0.079,0,0
1004.26,29920.06,28915.8,1,0.0336,0,0
6779.55,36724.96,29945.41,0,0.1846,0,0
5509.59,23822.27,18312.69,0,0.2313,0,0
2401.25,20300.38,17899.14,0,0.1183,1,0
833.61,33664.4,32830.79,0,0.0248,0,0
63.54,3517.2,3453.66,0,0.0181,0,0
54784.02,58068.58,3284.56,2,0.9434,0,1
27507.27,33260.47,5753.2,2,0.827,1,1
4540.9,38929.26,34388.37,0,0.1166,0,0
1016.68,10415.0,9398.32,0,0.0976,0,0
156.03,23671.88,23515.84,0,0.0066,0,0
85.16,5461.21,5376.05,0,0.0156,0,0
184.31,6524.79,6340.48,0,0.0282,0,0
3117.14,21483.99,18366.84,0,0.1451,0,0
1805.24,27299.81,25494.57,0,0.0661,0,0
1141.11,20424.63,19283.53,1,0.0559,0,0
1837.53,28179.78,26342.25,5,0.0652,0,1
60.13,26379.67,26319.54,2,0.0023,0,0
7143.6,31119.34,23975.74,0,0.2296,0,0
2923.73,16482.15,13558.42,0,0.1774,0,0
12755.84,228979.93,216224.09,0,0.0557,0,0
21817.16,265060.9,243243.74,0,0.0823,0,0
3216.5,8057.01,4840.51,0,0.3992,0,0
485.51,7650.57,7165.06,0,0.0635,0,0
5351.97,38308.27,32956.31,0,0.1397,0,0
17117.65,65233.63,48115.98,0,0.2624,0,0
2815.32,31237.41,28422.09,0,0.0901,0,0
4437.32,37135.67,32698.34,0,0.1195,0,0
2213.84,33658.16,31444.32,0,0.0658,0,0
569.95,5190.32,4620.37,0,0.1098,0,0
1276.27,36773.42,35497.15,0,0.0347,0,0
923.84,6757.06,5833.22,0,0.1367,0,0
36.72,30969.73,30933.0,0,0.0012,0,0
24792.65,82055.06,57262.42,0,0.3021,0,0
619.98,11721.27,11101.3,0,0.0529,0,0
325.96,18757.06,18431.11,0,0.0174,0,0
270.62,7217.45,6946.83,0,0.0375,1,0
7495.14,25728.15,18233.01,0,0.2913,0,0
25750.48,276354.62,250604.14,0,0.0932,0,0
19119.66,97078.13,77958.47,0,0.197,0,0
5207.85,39860.69,34652.84,0,0.1307,0,0
157.91,10416.75,10258.84,0,0.0152,0,0
30035.61,249050.1,219014.49,0,0.1206,0,0
2494.64,17804.83,15310.18,0,0.1401,0,0
7090.3,30992.06,23901.76,0,0.2288,1,0
26826.16,27445.91,619.76,2,0.9774,1,1
51203.4,62012.58,10809.18,1,0.8257,0,1
240.49,25666.41,25425.92,0,0.0094,0,0
14255.23,193689.72,179434.5,0,0.0736,0,0
30341.87,39790.32,9448.44,2,0.7625,1,1
11129.1,15593.9,4464.81,7,0.7137,1,1
9423.45,206326.46,196903.0,0,0.0457,0,0
1185.9,26067.6,24881.7,1,0.0455,1,0
584.71,14382.18,13797.47,0,0.0407,0,0
181.46,8188.17,8006.71,0,0.0222,0,0
9191.69,54936.61,45744.92,4,0.1673,0,1
2790.99,30748.47,27957.48,0,0.0908,0,0
293.45,7121.86,6828.41,0,0.0412,1,0
256.93,3953.57,3696.64,0,0.065,1,0
2864.76,24503.23,21638.47,0,0.1169,0,0
1683.75,18322.73,16638.98,0,0.0919,0,0
16215.36,110180.21,93964.85,0,0.1472,0,0
6971.57,26820.19,19848.62,0,0.2599,0,0
23.31,11808.17,11784.86,0,0.002,1,0
58563.74,61782.16,3218.42,1,0.9479,0,1
2837.13,15817.85,12980.72,2,0.1794,0,0
6827.59,34356.41,27528.82,0,0.1987,0,0
35376.53,37050.93,1674.4,2,0.9548,0,1
29118.82,127241.78,98122.96,0,0.2288,0,0
5406.17,33079.73,27673.56,0,0.1634,0,0
5827.1,37212.68,31385.57,0,0.1566,0,0
30077.12,193512.93,163435.81,0,0.1554,0,0
1436.97,3738.2,2301.23,1,0.3844,0,0
1469.33,19019.87,17550.54,0,0.0773,0,0
252.41,2910.32,2657.91,0,0.0867,1,0
6917.28,35922.84,29005.56,1,0.1926,0,0
18.72,21121.96,21103.23,0,0.0009,0,0
7353.42,14524.77,7171.35,6,0.5063,0,1
53033.66,97516.51,44482.86,1,0.5438,1,1
284.85,4356.79,4071.94,1,0.0654,0,0
1429.57,35255.08,33825.51,0,0.0405,0,0
6327.86,214258.06,207930.2,1,0.0295,0,0
2197.37,22774.99,20577.63,0,0.0965,1,0
192.63,2128.74,1936.11,0,0.0905,0,0
657.23,3218.41,2561.18,0,0.2042,0,0
1676.95,37421.2,35744.25,0,0.0448,0,0
2087.13,6999.57,4912.44,0,0.2982,0,0
3284.61,23154.24,19869.64,0,0.1419,0,0
10333.44,20368.14,10034.7,5,0.5073,0,1
1100.42,32807.76,31707.33,0,0.0335,0,0
242.05,3737.61,3495.56,1,0.0648,0,0
5340.42,23270.3,17929.88,0,0.2295,1,0
10512.95,14596.09,4083.14,2,0.7203,1,1
986.18,11968.0,10981.82,0,0.0824,0,0
90.01,10938.01,10848.0,0,0.0082,0,0
14279.35,240528.65,226249.3,1,0.0594,0,0
7291.21,26534.31,19243.09,0,0.2748,0,0
2271.49,38863.87,36592.38,0,0.0584,0,0
7452.15,299356.69,291904.53,0,0.0249,0,0
2602.49,20468.13,17865.64,0,0.1271,1,0
17117.24,161431.01,144313.77,0,0.106,0,0
2287.5,26299.8,24012.3,0,0.087,0,0
6607.26,21369.03,14761.77,3,0.3092,0,1
3654.44,77798.84,74144.4,7,0.047,0,1
4859.63,30139.36,25279.73,0,0.1612,0,0
35232.91,37805.87,2572.97,1,0.9319,0,1
3498.19,31169.53,27671.34,0,0.1122,0,0
1076.76,7434.04,6357.28,0,0.1448,0,0
3692.78,21188.51,17495.73,0,0.1743,0,0
2169.52,27705.78,25536.26,0,0.0783,0,0
2556.63,10443.62,7886.98,0,0.2448,0,0
17273.53,177873.25,160599.72,0,0.0971,0,0
26490.86,112451.63,85960.77,0,0.2356,0,0
1684.5,23751.49,22066.99,0,0.0709,0,0
36711.92,41406.02,4694.1,1,0.8866,1,1
239.16,17486.64,17247.47,0,0.0137,0,0
5472.37,34749.47,29277.1,0,0.1575,0,0
52.97,4697.55,4644.57,0,0.0113,1,0
2680.76,9375.59,6694.83,0,0.2859,0,0
1373.18,28187.45,26814.27,0,0.0487,0,0
31955.94,268298.67,236342.73,0,0.1191,0,0
1529.17,45936.46,44407.29,4,0.0333,0,1
39124.92,43335.43,4210.51,2,0.9028,0,1
1706.23,21424.1,19717.88,0,0.0796,0,0
8108.5,289864.0,281755.5,0,0.028,0,0
3357.3,17068.75,13711.44,0,0.1967,0,0
5009.31,27691.54,22682.22,0,0.1809,0,0
31060.71,31651.89,591.19,1,0.9813,0,1
200.1,12949.92,12749.82,0,0.0155,1,0
7115.98,35293.31,28177.33,0,0.2016,0,0
364.18,8024.58,7660.4,0,0.0454,1,0
6235.67,34981.07,28745.4,0,0.1783,0,0
8851.13,34079.04,25227.91,5,0.2597,1,1
15.06,3706.21,3691.16,0,0.0041,0,0
1148.08,36788.12,35640.04,0,0.0312,0,0
37957.63,38759.79,802.16,2,0.9793,0,1
73340.34,83366.93,10026.6,1,0.8797,1,1
1977.14,19123.69,17146.56,1,0.1034,0,0
7720.74,37322.11,29601.37,0,0.2069,0,0
7509.58,8539.27,1029.69,3,0.8794,1,1
12818.32,249320.32,236502.0,1,0.0514,0,0
1782.98,9296.89,7513.91,0,0.1918,0,0
3460.65,29773.07,26312.43,0,0.1162,0,0
9942.23,57205.45,47263.22,5,0.1738,1,1
466.45,7986.51,7520.05,0,0.0584,1,0
4292.35,27299.08,23006.72,0,0.1572,0,0
860.42,20004.77,19144.35,1,0.043,0,0
6074.98,29981.14,23906.16,0,0.2026,1,0
2808.91,34412.33,31603.42,0,0.0816,0,0
832.52,36242.99,35410.46,0,0.023,0,0
3616.84,35331.89,31715.04,0,0.1024,0,0
5648.39,29146.73,23498.34,0,0.1938,0,0
1575.24,8805.61,7230.36,0,0.1789,0,0
452.36,14691.4,14239.04,0,0.0308,0,0
86.72,9649.86,9563.14,0,0.009,0,0
78389.26,82643.24,4253.98,4,0.9485,0,1
1930.45,39369.77,37439.33,2,0.049,0,0
68352.11,74451.03,6098.92,2,0.9181,1,1
82.9,30002.28,29919.38,0,0.0028,0,0
3589.4,26036.88,22447.48,0,0.1379,0,0
923.57,8360.17,7436.6,0,0.1105,0,0
643.03,12883.07,12240.04,0,0.0499,0,0
1368.89,6423.49,5054.6,0,0.2131,0,0
320.17,16118.57,15798.39,0,0.0199,0,0
235.91,16191.4,15955.49,0,0.0146,0,0
1463.29,13457.55,11994.27,1,0.1087,0,0
1413.77,38512.51,37098.74,0,0.0367,0,0
14469.27,15231.7,762.43,1,0.9499,0,1
19160.2,242835.14,223674.95,1,0.0789,0,0
42543.42,239812.12,197268.7,0,0.1774,0,0
7766.82,36661.16,28894.34,0,0.2119,0,0
301.33,3529.01,3227.68,0,0.0854,1,0
448.6,13289.66,12841.05,0,0.0338,1,0
3248.61,31751.1,28502.49,0,0.1023,0,0
18862.09,88742.39,69880.31,0,0.2125,0,0
1951.12,39243.77,37292.65,0,0.0497,0,0
754.14,25975.03,25220.89,1,0.029,0,0
181.43,17290.08,17108.65,0,0.0105,0,0
9808.29,253717.33,243909.04,0,0.0387,0,0
67330.43,70731.39,3400.96,4,0.9519,0,1
9131.57,100934.49,91802.92,0,0.0905,0,0
2124.46,8713.93,6589.46,0,0.2438,0,0
7130.46,32169.67,25039.21,0,0.2217,0,0
119.28,3430.95,3311.67,0,0.0348,1,0
971.43,29545.08,28573.65,0,0.0329,0,0
905.03,6370.42,5465.38,1,0.1421,0,0
39359.22,224571.06,185211.84,0,0.1753,0,0
144.11,27715.99,27571.88,0,0.0052,0,0
3151.57,28755.79,25604.22,0,0.1096,0,0
1482.81,5221.11,3738.3,1,0.284,0,0
50820.98,52268.91,1447.93,1,0.9723,0,1
2032.51,32534.59,30502.07,0,0.0625,0,0
276.22,21753.74,21477.52,0,0.0127,0,0
953.01,27068.77,26115.76,0,0.0352,0,0
33290.83,291168.63,257877.8,0,0.1143,0,0
42653.38,240341.6,197688.22,0,0.1775,0,0
3489.48,39284.84,35795.35,0,0.0888,0,0
6389.31,31750.08,25360.77,1,0.2012,0,0
6610.32,133543.88,126933.56,0,0.0495,0,0
2489.54,2576.9,87.36,2,0.9661,0,1
1532.27,16295.24,14762.96,0,0.094,0,0
54248.05,59597.63,5349.58,3,0.9102,1,1
7548.93,268486.53,260937.6,0,0.0281,0,0
2562.82,30739.21,28176.38,0,0.0834,0,0
57167.49,58482.75,1315.26,2,0.9775,1,1
1239.63,17564.77,16325.14,4,0.0706,0,1
2334.5,32016.66,29682.16,0,0.0729,1,0
28314.24,116407.51,88093.27,0,0.2432,0,0
438.69,11914.88,11476.19,0,0.0368,1,0
2716.87,33547.71,30830.84,1,0.081,0,0
5294.59,21266.11,15971.52,0,0.249,0,0
21572.02,270528.8,248956.79,0,0.0797,0,0
912.55,26353.88,25441.33,0,0.0346,0,0
564.1,4348.56,3784.46,1,0.1297,0,0
73.05,21220.81,21147.76,0,0.0034,0,0
188.04,2894.53,2706.49,0,0.065,0,0
1901.66,33207.78,31306.12,0,0.0573,0,0
931.97,17464.94,16532.97,0,0.0534,0,0
2299.57,27517.97,25218.4,0,0.0836,0,0
5535.72,33653.91,28118.19,0,0.1645,0,0
3908.86,38408.48,34499.62,1,0.1018,0,0
554.33,3269.88,2715.56,0,0.1695,0,0
184.12,4993.72,4809.6,0,0.0369,0,0
7453.18,39546.12,32092.93,0,0.1885,0,0
419.61,8420.37,8000.76,0,0.0498,0,0
26631.75,256575.24,229943.49,0,0.1038,0,0
24621.72,35261.09,10639.37,4,0.6983,1,1
1931.75,20328.01,18396.27,0,0.095,0,0
21738.95,69207.33,47468.37,0,0.3141,0,0
79002.84,106804.38,27801.54,4,0.7397,0,1
367.58,6003.13,5635.55,0,0.0612,0,0
39433.66,143159.95,103726.28,0,0.2755,0,0
37026.62,38560.8,1534.18,1,0.9602,1,1
375.52,28211.74,27836.23,0,0.0133,0,0
276.94,3910.4,3633.46,0,0.0708,1,0
1520.05,16293.6,14773.55,0,0.0933,1,0
1077.09,34222.12,33145.03,0,0.0315,0,0
51.21,5165.41,5114.2,0,0.0099,1,0
2348.17,8691.33,6343.16,0,0.2702,0,0
350.35,27228.2,26877.85,0,0.0129,0,0
9434.05,10366.57,932.52,4,0.91,1,1
1359.09,6343.07,4983.98,0,0.2143,0,0
37275.03,41286.44,4011.41,3,0.9028,0,1
11275.66,207865.49,196589.82,0,0.0542,0,0
57.88,14416.59,14358.71,0,0.004,1,0
37630.06,265653.11,228023.05,0,0.1417,0,0
3019.43,37863.12,34843.69,1,0.0797,0,0
1310.81,39748.82,38438.0,0,0.033,0,0
300.66,39725.91,39425.25,0,0.0076,0,0
1438.34,4121.85,2683.51,0,0.349,0,0
7476.63,36064.62,28587.99,0,0.2073,0,0
837.21,9769.04,8931.83,0,0.0857,0,0
1084.93,25234.5,24149.57,0,0.043,0,0
481.29,27170.12,26688.83,0,0.0177,1,0
1247.42,27145.31,25897.89,0,0.046,0,0
1475.74,13295.04,11819.29,0,0.111,0,0
824.49,15773.47,14948.98,0,0.0523,0,0
1372.09,28456.41,27084.32,0,0.0482,0,0
2300.47,22846.36,20545.89,2,0.1007,0,0
156.4,31715.78,31559.38,0,0.0049,0,0
24.62,7601.72,7577.1,0,0.0032,0,0
28886.21,242091.68,213205.46,0,0.1193,0,0
835.99,28235.0,27399.02,0,0.0296,0,0
4580.6,33512.9,28932.3,0,0.1367,0,0
289.39,39768.66,39479.27,0,0.0073,0,0
7858.87,111753.54,103894.67,0,0.0703,0,0
3301.73,22543.48,19241.75,7,0.1465,0,1
15611.71,88595.57,72983.85,0,0.1762,0,0
15512.92,157966.34,142453.42,0,0.0982,0,0
879.2,63024.17,62144.98,5,0.014,1,1
3571.99,28755.26,25183.27,0,0.1242,0,0
3213.78,27936.23,24722.46,0,0.115,0,0
1391.85,9195.21,7803.37,0,0.1514,0,0
42814.72,299172.99,256358.27,0,0.1431,0,0
710.33,17020.96,16310.63,0,0.0417,0,0
36433.13,143436.71,107003.57,0,0.254,0,0
1382.04,31427.14,30045.11,0,0.044,1,0
353.76,14231.43,13877.67,0,0.0249,0,0
90.23,14500.95,14410.72,0,0.0062,1,0
1565.39,5319.22,3753.83,1,0.2943,0,0
10755.39,11693.61,938.22,3,0.9198,0,1
48359.78,53693.34,5333.56,2,0.9007,1,1
94.28,8468.16,8373.87,1,0.0111,0,0
5943.92,35831.75,29887.83,0,0.1659,0,0
1439.68,20451.51,19011.82,0,0.0704,0,0
4968.41,37408.31,32439.91,0,0.1328,0,0
1250.16,29137.82,27887.66,0,0.0429,0,0
5158.87,34795.02,29636.15,1,0.1483,0,0
747.73,13942.26,13194.54,0,0.0536,0,0
45332.31,48043.12,2710.81,1,0.9436,1,1
1569.28,13557.9,11988.62,0,0.1157,0,0
12312.54,263069.81,250757.27,1,0.0468,0,0
29437.1,231910.64,202473.53,0,0.1269,0,0
5610.4,39287.79,33677.39,0,0.1428,0,0
3730.48,29500.77,25770.29,0,0.1265,0,0
359.59,8616.15,8256.56,0,0.0417,0,0
132.33,6343.2,6210.87,0,0.0209,0,0
240.9,14695.13,14454.23,0,0.0164,1,0
2526.61,10194.64,7668.02,0,0.2478,0,0
194.37,6596.51,6402.14,0,0.0295,0,0
33304.82,268248.5,234943.68,0,0.1242,0,0
34632.71,211172.09,176539.38,0,0.164,0,0
14830.01,283393.84,268563.83,0,0.0523,0,0
6751.69,37766.34,31014.65,0,0.1788,0,0
1367.66,9622.19,8254.54,0,0.1421,0,0
809.62,34710.21,33900.59,0,0.0233,1,0
7779.99,27343.94,19563.94,6,0.2845,0,1
1350.8,8737.83,7387.03,0,0.1546,0,0
132.66,6741.93,6609.27,0,0.0197,1,0
31104.38,33176.32,2071.94,1,0.9375,1,1
3790.25,64829.61,61039.36,4,0.0585,0,1
195.66,4536.51,4340.85,0,0.0431,0,0
22004.68,136444.46,114439.78,0,0.1613,0,0
3639.65,34114.08,30474.42,0,0.1067,0,0
5119.23,19706.74,14587.51,0,0.2598,0,0
1793.26,21038.78,19245.52,0,0.0852,0,0
49562.75,50460.9,898.15,2,0.9822,0,1
38340.43,40247.4,1906.96,2,0.9526,0,1
43690.18,271825.35,228135.16,0,0.1607,0,0
757.12,26129.51,25372.39,0,0.029,0,0
919.8,13119.28,12199.48,0,0.0701,1,0
9243.84,26389.46,17145.62,4,0.3503,1,1
2277.43,14333.9,12056.47,0,0.1589,0,0
24540.76,26038.93,1498.17,4,0.9425,1,1
8741.64,9216.47,474.82,3,0.9485,1,1
341.6,10753.97,10412.37,0,0.0318,0,0
695.06,38585.89,37890.83,0,0.018,0,0
301.29,5805.44,5504.16,0,0.0519,0,0
2587.49,9617.31,7029.82,0,0.269,1,0
7968.59,25910.32,17941.73,1,0.3075,0,0
41356.71,199924.48,158567.77,1,0.2069,0,0
152.98,26308.15,26155.17,0,0.0058,0,0
697.84,10421.15,9723.31,0,0.067,0,0
1011.67,12015.77,11004.1,1,0.0842,0,0
26533.28,200267.74,173734.46,0,0.1325,0,0
866.14,14779.88,13913.74,0,0.0586,0,0
161.61,9239.76,9078.15,0,0.0175,1,0
17658.59,101800.24,84141.65,0,0.1735,0,0
59712.32,74203.5,14491.18,4,0.8047,0,1
42061.82,245334.33,203272.51,0,0.1714,0,0
38265.59,150704.19,112438.6,0,0.2539,0,0
3282.77,35598.24,32315.47,0,0.0922,0,0
6266.49,37938.06,31671.57,0,0.1652,0,0
251.96,14633.33,14381.37,1,0.0172,0,0
5340.91,31622.83,26281.92,4,0.1689,0,1
51945.05,53808.2,1863.14,1,0.9654,0,1
2826.69,31419.24,28592.55,0,0.09,0,0
220.37,22769.93,22549.56,0,0.0097,0,0
3864.38,25089.31,21224.93,0,0.154,0,0
1393.88,20540.21,19146.33,0,0.0679,1,0
1999.54,30352.98,28353.44,0,0.0659,0,0
1903.64,20028.53,18124.88,1,0.095,0,0
599.75,22814.12,22214.36,0,0.0263,0,0
434.93,15300.26,14865.33,0,0.0284,0,0
142.93,6226.23,6083.3,0,0.023,0,0
12380.84,239582.33,227201.48,0,0.0517,0,0
2095.25,15720.84,13625.59,0,0.1333,0,0
32707.22,39404.62,6697.41,2,0.83,1,1
40845.2,42007.21,1162.01,2,0.9723,1,1
2544.16,9018.4,6474.23,1,0.2821,1,0
3110.37,15483.61,12373.24,0,0.2009,0,0
1158.71,19001.67,17842.96,0,0.061,0,0
7819.7,35713.48,27893.77,0,0.219,0,0
52991.1,83553.44,30562.34,4,0.6342,0,1
7804.78,75344.59,67539.81,3,0.1036,1,1
71049.32,96221.24,25171.92,1,0.7384,1,1
7434.18,24680.37,17246.19,0,0.3012,0,0
3126.91,32935.69,29808.77,1,0.0949,0,0
351.91,29850.74,29498.83,1,0.0118,0,0
6154.31,29956.17,23801.86,0,0.2054,0,0
365.46,2345.31,1979.85,0,0.1558,1,0
36.38,4258.2,4221.82,0,0.0085,1,0
23902.8,184252.0,160349.2,0,0.1297,0,0
22983.87,24501.7,1517.83,4,0.9381,1,1
46987.83,50093.97,3106.14,1,0.938,1,1
2704.9,15921.75,13216.85,0,0.1699,0,0
21314.12,102507.98,81193.86,0,0.2079,0,0
2145.42,13188.37,11042.95,0,0.1627,0,0
1752.96,35638.7,33885.74,0,0.0492,0,0
1815.67,30994.74,29179.07,0,0.0586,1,0
34603.0,37193.37,2590.37,3,0.9304,0,1
5453.66,37281.81,31828.15,0,0.1463,0,0
1419.87,20659.28,19239.41,0,0.0687,0,0
2010.43,11104.33,9093.9,0,0.181,0,0
1204.64,22322.44,21117.8,0,0.054,0,0
2925.62,34358.41,31432.79,0,0.0851,0,0
10936.4,210160.64,199224.23,0,0.052,0,0
348.29,11196.84,10848.55,0,0.0311,0,0
44303.51,262826.98,218523.47,0,0.1686,0,0
5222.09,26974.1,21752.02,0,0.1936,0,0
2780.0,28845.32,26065.32,0,0.0964,0,0
2430.19,32735.4,30305.21,1,0.0742,0,0
561.09,37422.15,36861.05,0,0.015,0,0
6287.97,125168.04,118880.06,0,0.0502,0,0
7092.27,204528.03,197435.76,0,0.0347,0,0
1379.64,17646.51,16266.87,5,0.0782,0,1
2500.86,19852.56,17351.7,0,0.126,0,0
14099.26,173190.33,159091.06,0,0.0814,0,0
6296.11,24017.41,17721.31,0,0.2621,1,0
1250.2,12461.03,11210.83,0,0.1003,0,0
29.2,4798.72,4769.51,0,0.0061,0,0
1300.08,39260.53,37960.45,0,0.0331,0,0
361.4,2778.18,2416.78,0,0.1301,0,0
5212.06,20952.09,15740.03,0,0.2488,0,0
231.0,10024.1,9793.09,0,0.023,1,0
6231.44,26005.97,19774.54,0,0.2396,0,0
7608.16,30662.07,23053.9,0,0.2481,0,0
1500.92,27945.62,26444.7,1,0.0537,0,0
13944.11,71701.94,57757.84,0,0.1945,0,0
4569.04,39293.8,34724.76,0,0.1163,0,0
1400.45,38976.97,37576.52,0,0.0359,0,0
1224.58,28295.72,27071.13,0,0.0433,0,0
3370.53,18359.84,14989.31,6,0.1836,0,1
2481.24,29357.71,26876.46,0,0.0845,0,0
20.89,2857.34,2836.45,2,0.0073,0,0
591.09,37519.74,36928.64,0,0.0158,1,0
1795.81,6070.28,4274.47,0,0.2958,0,0
7416.93,37047.7,29630.77,0,0.2002,1,0
158.13,5552.71,5394.58,1,0.0285,0,0
2780.57,22421.03,19640.46,0,0.124,0,0
646.82,18686.4,18039.58,1,0.0346,0,0
632.03,19110.08,18478.05,0,0.0331,0,0
494.83,12404.32,11909.49,0,0.0399,0,0
60969.93,99336.26,38366.33,2,0.6138,0,1
1329.2,6733.57,5404.36,0,0.1974,0,0
4681.77,24572.48,19890.72,0,0.1905,0,0
1743.05,31379.27,29636.22,0,0.0555,0,0
229.62,12591.12,12361.5,2,0.0182,0,0
2248.82,21799.56,19550.74,4,0.1032,0,1
2244.27,35553.77,33309.5,0,0.0631,0,0
128.31,1846.11,1717.8,0,0.0695,1,0
28162.9,204698.11,176535.21,0,0.1376,0,0
4460.75,27408.44,22947.69,0,0.1628,0,0
7321.64,39071.91,31750.28,0,0.1874,0,0
6305.85,37698.48,31392.63,0,0.1673,0,0
10472.22,24930.13,14457.91,6,0.4201,0,1
5180.18,30365.47,25185.29,2,0.1706,0,0
2443.63,12602.32,10158.68,0,0.1939,0,0
6879.26,25956.03,19076.77,1,0.265,0,0
3896.82,28501.97,24605.15,2,0.1367,1,0
160.67,14814.07,14653.41,0,0.0108,0,0
1493.83,15773.91,14280.08,1,0.0947,0,0
1367.89,19631.3,18263.41,0,0.0697,0,0
15373.46,22962.2,7588.74,3,0.6695,1,1
13138.91,276425.77,263286.86,0,0.0475,0,0
429.05,12838.47,12409.42,0,0.0334,1,0
1414.79,23367.28,21952.49,0,0.0605,0,0
6278.92,34058.24,27779.32,0,0.1844,0,0
4374.38,42864.29,38489.91,7,0.1021,1,1
563.47,4556.82,3993.34,0,0.1237,0,0
215.87,6477.88,6262.01,0,0.0333,1,0
4517.28,5518.12,1000.83,4,0.8186,1,1
7777.81,127554.55,119776.74,0,0.061,0,0
4346.98,25485.63,21138.64,0,0.1706,0,0
2568.84,8733.96,6165.11,0,0.2941,0,0
27021.81,264139.25,237117.44,0,0.1023,0,0
3060.2,14356.97,11296.76,1,0.2132,0,0
32993.15,233039.62,200046.47,1,0.1416,0,0
47832.15,52158.84,4326.69,3,0.917,0,1
120.12,23097.72,22977.6,0,0.0052,0,0
3070.91,28403.81,25332.9,0,0.1081,0,0
341.71,16521.3,16179.59,0,0.0207,0,0
5305.05,27787.83,22482.78,0,0.1909,0,0
12611.12,13433.64,822.52,2,0.9388,1,1
5144.03,56448.09,51304.05,4,0.0911,0,1
1474.98,18893.79,17418.81,0,0.0781,0,0
1262.76,20266.01,19003.26,0,0.0623,0,0
22836.11,223990.89,201154.78,0,0.102,0,0
492.08,14299.45,13807.37,0,0.0344,1,0
379.46,9668.38,9288.92,0,0.0392,0,0
1087.47,38885.71,37798.24,0,0.028,0,0
33786.59,98547.37,64760.78,0,0.3428,0,0
1435.37,33171.13,31735.76,0,0.0433,0,0
527.96,8683.83,8155.87,1,0.0608,0,0
5158.76,23420.68,18261.92,0,0.2203,0,0
671.05,36600.99,35929.94,0,0.0183,0,0
1742.1,37650.88,35908.78,0,0.0463,0,0
12394.63,14054.45,1659.82,2,0.8819,1,1
2861.43,32677.94,29816.51,1,0.0876,0,0
24589.83,36952.63,12362.8,2,0.6654,1,1
6231.07,38053.67,31822.6,0,0.1637,0,0
1842.2,23697.67,21855.48,3,0.0777,1,1
12133.26,136948.78,124815.52,0,0.0886,0,0
2111.38,21403.19,19291.81,4,0.0986,0,1
9806.38,33282.36,23475.98,7,0.2946,1,1
580.59,8488.89,7908.3,0,0.0684,0,0
250.91,3083.23,2832.32,0,0.0814,1,0
5594.64,66074.03,60479.39,6,0.0847,0,1
5088.47,35496.46,30408.0,1,0.1434,0,0
58973.31,107961.28,48987.97,2,0.5462,0,1
358.42,19938.54,19580.12,0,0.018,0,0
3982.96,29446.57,25463.61,0,0.1353,0,0
731.04,16714.48,15983.44,2,0.0437,0,0
64.69,2104.54,2039.85,0,0.0307,0,0
72.04,4691.78,4619.73,0,0.0154,1,0
1601.32,8881.07,7279.75,0,0.1803,0,0
190.08,19197.08,19006.99,0,0.0099,0,0
247.87,22148.96,21901.08,0,0.0112,0,0
37450.51,154928.26,117477.74,0,0.2417,0,0
49.86,5681.9,5632.04,2,0.0088,0,0
593.49,19623.66,19030.18,1,0.0302,0,0
420.78,12789.66,12368.88,0,0.0329,1,0
29477.05,29769.97,292.92,3,0.9902,0,1
1694.11,27560.65,25866.54,0,0.0615,0,0
24000.67,138155.16,114154.49,0,0.1737,0,0
3382.44,35190.08,31807.64,0,0.0961,0,0
326.86,34937.75,34610.88,0,0.0094,0,0
726.15,32049.52,31323.37,0,0.0227,0,0
35900.9,267237.95,231337.04,0,0.1343,0,0
23998.27,36042.18,12043.91,2,0.6658,1,1
348.81,3140.77,2791.96,1,0.1111,0,0
3581.56,28722.89,25141.32,0,0.1247,0,0
2039.4,14256.12,12216.72,0,0.1431,0,0
191.66,5867.1,5675.44,0,0.0327,0,0
34921.39,181239.77,146318.38,0,0.1927,0,0
6586.55,22718.02,16131.47,0,0.2899,0,0
2479.07,21000.28,18521.21,1,0.118,0,0
2811.24,34987.73,32176.49,0,0.0803,0,0
881.5,17071.13,16189.64,1,0.0516,0,0
4573.88,12122.35,7548.47,0,0.3773,0,0
6030.72,39257.06,33226.34,0,0.1536,0,0
161.65,6322.97,6161.33,0,0.0256,0,0
34.8,2737.79,2702.99,1,0.0127,0,0
58137.52,72028.64,13891.12,4,0.8071,1,1
3281.79,34304.52,31022.73,0,0.0957,0,0
3299.99,12193.22,8893.23,1,0.2706,0,0
6590.75,99799.19,93208.44,0,0.066,0,0
33173.12,34974.32,1801.2,2,0.9485,1,1
4640.38,21388.21,16747.83,0,0.217,0,0
712.73,28598.71,27885.98,0,0.0249,0,0
503.72,13540.54,13036.82,0,0.0372,0,0
6398.11,76681.7,70283.59,6,0.0834,0,1
35434.05,246726.06,211292.01,0,0.1436,0,0
5152.44,27224.57,22072.13,0,0.1893,0,0
54495.29,61235.2,6739.91,4,0.8899,0,1
5728.29,26584.7,20856.41,2,0.2155,0,0
6590.87,35755.6,29164.72,0,0.1843,0,0
2068.79,2165.62,96.82,1,0.9553,0,1
1384.64,5202.28,3817.65,0,0.2662,0,0
7491.42,39923.34,32431.92,0,0.1876,0,0
87951.01,102067.0,14115.99,4,0.8617,0,1
5085.09,31421.9,26336.81,0,0.1618,0,0
1085.09,23195.06,22109.97,0,0.0468,0,0
20.95,22634.48,22613.53,0,0.0009,0,0
222.04,8005.62,7783.58,0,0.0277,1,0
67.16,5581.24,5514.08,0,0.012,0,0
981.06,4883.12,3902.06,0,0.2009,0,0
5817.72,23761.48,17943.77,1,0.2448,0,0
5206.67,38985.67,33779.0,0,0.1336,0,0
3215.8,36521.12,33305.32,0,0.0881,1,0
22622.13,23178.91,556.78,2,0.976,1,1
5255.08,24372.86,19117.78,0,0.2156,0,0
640.53,23640.33,22999.8,0,0.0271,0,0
20038.03,97832.65,77794.62,0,0.2048,0,0
26520.91,135330.12,108809.21,0,0.196,0,0
2478.35,17458.75,14980.4,0,0.142,0,0
5465.06,274720.23,269255.17,1,0.0199,0,0
1921.34,33592.3,31670.96,0,0.0572,0,0
1983.9,16193.94,14210.04,0,0.1225,0,0
4356.01,22895.32,18539.31,0,0.1903,0,0
1857.25,18269.12,16411.87,0,0.1017,0,0
528.07,26636.08,26108.01,0,0.0198,0,0
11.0,2058.19,2047.19,0,0.0053,1,0
3282.01,31517.19,28235.18,0,0.1041,0,0
214.71,11755.83,11541.12,0,0.0183,1,0
372.51,34404.0,34031.49,0,0.0108,0,0
32202.44,175525.4,143322.96,0,0.1835,0,0
5213.87,30077.22,24863.36,0,0.1733,0,0
958.98,29699.69,28740.71,0,0.0323,0,0
461.36,25733.19,25271.83,0,0.0179,0,0
6163.54,29004.98,22841.44,0,0.2125,0,0
13765.11,99940.67,86175.56,0,0.1377,0,0
471.94,4243.4,3771.47,0,0.1112,1,0
272.44,36772.12,36499.68,0,0.0074,0,0
2375.05,19609.07,17234.02,0,0.1211,0,0
35770.01,38340.33,2570.32,2,0.933,0,1
446.43,5363.85,4917.42,0,0.0832,0,0
1735.52,19708.13,17972.62,0,0.0881,0,0
1315.57,33549.51,32233.93,0,0.0392,0,0
33762.44,35907.6,2145.16,2,0.9403,0,1
9837.51,30354.61,20517.11,5,0.3241,1,1
8715.21,9477.82,762.61,3,0.9195,1,1
2611.63,19771.01,17159.38,1,0.1321,0,0
24551.59,95206.83,70655.23,1,0.2579,0,0
68686.46,75318.46,6632.0,1,0.9119,1,1
1649.87,16688.61,15038.74,1,0.0989,0,0
327.57,5744.71,5417.14,0,0.057,1,0
17569.66,255376.39,237806.73,1,0.0688,0,0
296.35,14418.2,14121.85,0,0.0206,0,0
6531.34,13789.99,7258.64,5,0.4736,0,1
1278.82,23562.69,22283.87,0,0.0543,0,0
1400.04,7953.54,6553.51,1,0.176,0,0
2685.41,23064.26,20378.85,0,0.1164,0,0
5708.62,35484.46,29775.84,0,0.1609,0,0
5151.36,28017.52,22866.16,1,0.1839,0,0
3691.23,32500.94,28809.71,1,0.1136,1,0
4429.64,36947.14,32517.5,0,0.1199,0,0
7564.19,45840.93,38276.74,4,0.165,1,1
900.69,21717.8,20817.11,0,0.0415,0,0
10195.28,70772.32,60577.04,6,0.1441,0,1
1522.41,8388.06,6865.65,0,0.1815,0,0
1832.65,18413.47,16580.82,0,0.0995,0,0
2088.89,2274.26,185.37,2,0.9185,0,1
20712.86,23209.03,2496.17,1,0.8924,1,1
455.24,20319.16,19863.93,0,0.0224,0,0
5435.49,18675.8,13240.3,0,0.291,0,0
1672.85,9395.53,7722.68,0,0.178,0,0
725.07,9463.93,8738.86,0,0.0766,0,0
297.05,14282.88,13985.83,0,0.0208,0,0
41824.57,42531.48,706.91,1,0.9834,0,1
1809.48,29298.91,27489.43,0,0.0618,0,0
27789.93,215694.22,187904.29,0,0.1288,0,0
83.77,24503.61,24419.84,0,0.0034,0,0
19457.48,21586.35,2128.87,2,0.9014,1,1
34732.49,36613.73,1881.24,1,0.9486,1,1
305.58,3241.04,2935.47,0,0.0943,0,0
15.98,16318.8,16302.83,0,0.001,0,0
1498.06,5733.37,4235.31,1,0.2613,0,0
1152.02,16552.75,15400.73,2,0.0696,0,0
407.15,16261.7,15854.54,0,0.025,0,0
6034.2,37476.54,31442.34,0,0.161,0,0
22249.51,23478.17,1228.66,4,0.9477,1,1
28912.55,31461.82,2549.27,3,0.919,0,1
18188.49,229713.0,211524.52,0,0.0792,0,0
7781.43,32993.4,25211.97,0,0.2358,0,0
4530.02,36402.61,31872.6,7,0.1244,1,1
260.83,39124.9,38864.07,0,0.0067,0,0
882.68,24611.76,23729.08,0,0.0359,1,0
4611.89,38546.97,33935.09,0,0.1196,1,0
50041.86,52423.78,2381.92,5,0.9546,0,1
48475.54,48987.8,512.26,4,0.9895,0,1
8718.72,9334.57,615.85,2,0.934,1,1
26225.49,248345.57,222120.08,0,0.1056,0,0
38067.18,40928.97,2861.79,1,0.9301,1,1
50185.81,68594.71,18408.9,1,0.7316,1,1
11187.71,115329.31,104141.61,1,0.097,0,0
1297.92,9093.99,7796.07,1,0.1427,0,0
44.63,11126.06,11081.43,0,0.004,1,0
399.9,20691.29,20291.39,0,0.0193,0,0
2027.86,11541.0,9513.15,0,0.1757,0,0
5380.57,38141.45,32760.88,0,0.1411,0,0
3827.83,36395.09,32567.25,0,0.1052,0,0
4395.12,36729.04,32333.93,0,0.1197,0,0
168.37,11024.88,10856.52,0,0.0153,1,0
70365.59,92014.48,21648.89,4,0.7647,0,1
31838.56,101947.51,70108.95,0,0.3123,0,0
5131.25,274894.0,269762.75,1,0.0187,0,0
1405.08,11211.12,9806.04,0,0.1253,0,0
16220.63,78260.33,62039.7,0,0.2073,0,0
271.79,18635.54,18363.74,0,0.0146,0,0
17575.69,74498.88,56923.19,0,0.2359,0,0
50453.78,54088.43,3634.65,1,0.9328,1,1
776.56,15167.92,14391.36,0,0.0512,0,0
32967.73,200704.28,167736.55,0,0.1643,0,0
9503.62,234089.18,224585.57,0,0.0406,0,0
151.06,8545.73,8394.67,0,0.0177,1,0
6290.58,52886.72,46596.14,4,0.1189,1,1
11155.84,227044.95,215889.11,0,0.0491,0,0
23141.48,274760.89,251619.41,0,0.0842,0,0
1008.99,17920.85,16911.86,0,0.0563,0,0
8724.37,152260.37,143536.0,0,0.0573,0,0
36215.04,247967.62,211752.57,0,0.146,0,0
4156.07,15767.15,11611.09,0,0.2636,0,0
230.62,2742.11,2511.49,0,0.0841,0,0
7650.47,34638.67,26988.2,1,0.2209,0,0
36876.06,37984.51,1108.45,2,0.9708,0,1
41.7,3486.39,3444.69,0,0.012,0,0
94.55,2485.29,2390.74,0,0.038,1,0
642.46,38275.46,37633.0,0,0.0168,0,0
1776.41,8514.42,6738.01,1,0.2086,0,0
21565.64,203655.12,182089.48,1,0.1059,0,0
9237.52,30996.77,21759.25,4,0.298,1,1
84.55,10753.08,10668.52,0,0.0079,0,0
75.28,2307.84,2232.56,0,0.0326,1,0
156.83,26067.22,25910.39,0,0.006,0,0
1109.45,36739.16,35629.71,0,0.0302,0,0
3365.99,20963.58,17597.59,2,0.1606,0,0
3010.26,27826.6,24816.34,0,0.1082,0,0
1280.7,29892.16,28611.46,0,0.0428,0,0
4343.64,39702.53,35358.88,0,0.1094,0,0
615.08,5978.2,5363.12,0,0.1029,0,0
282.79,3509.71,3226.92,0,0.0806,0,0
43555.55,214053.02,170497.46,0,0.2035,0,0
20504.72,21715.19,1210.47,4,0.9443,1,1
1662.99,5171.64,3508.64,0,0.3216,1,0
15168.06,15665.09,497.03,2,0.9683,1,1
19833.19,20959.22,1126.03,4,0.9463,0,1
196.52,4503.9,4307.39,1,0.0436,0,0
7766.26,33466.09,25699.82,0,0.2321,0,0
1119.52,9782.46,8662.94,0,0.1144,0,0
4407.24,6526.01,2118.78,2,0.6753,1,1
13817.84,15664.06,1846.22,2,0.8821,0,1
1442.66,13532.19,12089.53,0,0.1066,0,0
395.9,26133.56,25737.66,0,0.0151,0,0
1868.63,25290.14,23421.51,0,0.0739,0,0
116.0,2878.06,2762.06,0,0.0403,0,0
39800.64,39950.05,149.41,2,0.9963,0,1
1598.35,7190.83,5592.48,0,0.2223,0,0
23491.82,220565.36,197073.54,0,0.1065,0,0
2636.62,9655.29,7018.66,0,0.2731,0,0
15141.55,200706.44,185564.9,0,0.0754,0,0
376.09,26959.49,26583.4,0,0.014,0,0
1831.91,21229.7,19397.78,1,0.0863,0,0
6930.29,21337.97,14407.68,0,0.3248,0,0
441.63,9816.12,9374.49,0,0.045,0,0
35710.58,253909.76,218199.17,0,0.1406,0,0
951.89,6805.64,5853.76,0,0.1399,0,0
13824.53,254670.62,240846.09,0,0.0543,0,0
1537.06,36674.05,35136.99,0,0.0419,0,0
15658.68,289536.19,273877.51,0,0.0541,0,0
2015.82,10854.19,8838.37,0,0.1857,0,0
167.29,7208.15,7040.86,0,0.0232,1,0
22989.02,132986.4,109997.39,0,0.1729,0,0
1504.85,26961.19,25456.34,0,0.0558,0,0
2024.64,18748.98,16724.34,0,0.108,0,0
17732.1,21092.77,3360.67,3,0.8407,1,1
425.56,5085.73,4660.17,0,0.0837,1,0
1072.61,21955.35,20882.74,0,0.0489,0,0
475.46,9390.32,8914.87,1,0.0506,0,0
6880.66,12226.52,5345.85,5,0.5628,1,1
407.11,15372.39,14965.28,2,0.0265,0,0
1776.16,11856.44,10080.28,0,0.1498,0,0
5014.05,34983.98,29969.94,0,0.1433,0,0
563.12,18439.37,17876.25,0,0.0305,0,0
3878.84,10325.6,6446.77,0,0.3757,1,0
368.04,2458.66,2090.62,1,0.1497,0,0
939.54,8727.57,7788.04,1,0.1077,0,0
197.35,32241.64,32044.29,0,0.0061,0,0
4244.26,33054.44,28810.18,0,0.1284,0,0
8872.48,131091.66,122219.18,0,0.0677,0,0
91.05,9092.32,9001.26,0,0.01,0,0
464.22,4959.06,4494.84,0,0.0936,0,0
1600.36,32444.52,30844.15,0,0.0493,0,0
58165.93,66899.86,8733.93,1,0.8694,0,1
987.14,11769.65,10782.51,1,0.0839,0,0
668.76,18093.92,17425.16,0,0.037,0,0
600.43,20190.68,19590.25,0,0.0297,0,0
521.55,25621.92,25100.37,0,0.0204,0,0
139.18,4985.98,4846.8,0,0.0279,0,0
1329.83,27245.08,25915.25,0,0.0488,0,0
214.59,8982.08,8767.49,1,0.0239,0,0
1410.09,16890.66,15480.57,0,0.0835,0,0
292.09,31034.11,30742.03,0,0.0094,0,0
20297.04,21618.92,1321.88,3,0.9389,1,1
542.06,3333.33,2791.27,0,0.1626,0,0
28980.29,107196.86,78216.57,0,0.2703,0,0
2745.31,9350.32,6605.01,0,0.2936,0,0
5454.02,39973.38,34519.36,0,0.1364,0,0
28251.31,297584.39,269333.08,0,0.0949,0,0
2074.65,27190.44,25115.79,0,0.0763,1,0
9220.45,71631.42,62410.96,0,0.1287,0,0
17944.38,261707.9,243763.52,0,0.0686,0,0
4701.76,28229.86,23528.1,0,0.1666,0,0
1178.65,11082.97,9904.33,0,0.1063,0,0
4488.91,15919.52,11430.61,0,0.282,0,0
22701.9,103338.08,80636.18,1,0.2197,0,0
592.22,37661.79,37069.57,0,0.0157,0,0
1151.79,31430.45,30278.66,0,0.0366,0,0
7064.2,23299.33,16235.13,0,0.3032,0,0
5496.6,18096.26,12599.66,0,0.3037,0,0
44387.42,157443.01,113055.59,0,0.2819,0,0
4941.11,20463.65,15522.54,0,0.2415,0,0
21204.11,283014.73,261810.63,1,0.0749,0,0
876.35,4262.68,3386.32,0,0.2056,0,0
183.41,2823.84,2640.43,0,0.065,0,0
264.71,5167.27,4902.56,2,0.0512,0,0
1502.66,33504.61,32001.95,0,0.0448,0,0
23990.8,75432.37,51441.57,0,0.318,0,0
1056.43,22448.6,21392.17,0,0.0471,0,0
93.94,12466.96,12373.02,0,0.0075,1,0
6192.2,8772.84,2580.64,2,0.7058,1,1
3819.72,34147.29,30327.57,1,0.1119,0,0
4157.93,4435.46,277.53,3,0.9374,0,1
12.1,14129.44,14117.34,0,0.0009,1,0
223.53,11131.37,10907.83,0,0.0201,0,0
5635.93,28428.56,22792.63,0,0.1982,0,0
275.97,20283.32,20007.35,0,0.0136,0,0
20274.87,191527.94,171253.07,0,0.1059,0,0
16676.38,221225.45,204549.07,0,0.0754,0,0
1718.98,20124.78,18405.8,1,0.0854,0,0
36668.17,37498.73,830.57,4,0.9779,1,1
4706.71,18334.38,13627.67,0,0.2567,1,0
61069.27,91255.27,30186.01,2,0.6692,0,1
13305.11,126902.37,113597.26,1,0.1048,0,0
11294.73,32482.23,21187.51,4,0.3477,0,1
43165.52,145180.28,102014.76,0,0.2973,0,0
4419.9,22180.58,17760.69,0,0.1993,0,0
8748.67,69531.94,60783.27,6,0.1258,0,1
2105.11,11894.85,9789.75,4,0.177,1,1
60412.43,99228.28,38815.84,2,0.6088,1,1
1525.73,33784.8,32259.07,0,0.0452,0,0
